Workbook

Sheet TDB
C2: 46174
B3: Nbr des demandes ouvertes sur le mois | C3: =COUNTA('tickets ouverts'!A:A)-1 -> 277
B4: Nbr des demandes ouvertes et traitées sur le mois | C4: 228
B5: Nbr des demandes globales Traitées sur le mois | C5: =COUNTA('tickets fermés'!A:A)-1 -> 308
B6: Délai moyen de traitement des tickets ( min ) | C6: =AVERAGE('tickets fermés'!R:R) -> 3.0297687
C19: 46174
B20: Megrine | C20: =COUNTIF('tickets ouverts'!F:F,"Tunisie/Megrine") -> 152
B21: Kram | C21: =COUNTIF('tickets ouverts'!F:F,"Tunisie/Kram") -> 81
B22: Sousse | C22: =COUNTIF('tickets ouverts'!F:F,"Tunisie/Sousse") -> 44
C24: 46174
B25: Megrine / AVS | C25: =COUNTIFS('tickets ouverts'!F:F,"Tunisie/Megrine", 'tickets ouverts'!E:E,"avs") -> 32
B26: Megrine / BBS | C26: =COUNTIFS('tickets ouverts'!F:F,"Tunisie/Megrine", 'tickets ouverts'!E:E,"bbs") -> 19
B27: Megrine / E&T | C27: =COUNTIFS('tickets ouverts'!F:F,"Tunisie/Megrine", 'tickets ouverts'!E:E,"e&t") -> 0
B28: Megrine / supports | C28: =COUNTIFS('tickets ouverts'!F:F,"Tunisie/Megrine", 'tickets ouverts'!E:E,"supports") -> 101
B29: kram / E&T | C29: =COUNTIFS('tickets ouverts'!F:F,"Tunisie/Kram", 'tickets ouverts'!E:E,"E&T") -> 67
B30: kram / supports | C30: =COUNTIFS('tickets ouverts'!F:F,"Tunisie/Kram", 'tickets ouverts'!E:E,"supports") -> 13
B31: kram / BBS | C31: =COUNTIFS('tickets ouverts'!F:F,"Tunisie/Kram", 'tickets ouverts'!E:E,"BBS") -> 1
B32: Sousse / E&T | C32: =COUNTIFS('tickets ouverts'!F:F,"Tunisie/Sousse", 'tickets ouverts'!E:E,"E&T") -> 33
B33: Sousse / supports | C33: =COUNTIFS('tickets ouverts'!F:F,"Tunisie/Sousse", 'tickets ouverts'!E:E,"supports") -> 11
B47: types des demandes ouvertes dans le mois
B48: {=_xlfn.UNIQUE('tickets ouverts'!I2:I278)} -> Souris | C48: =COUNTIF('tickets ouverts'!$I:$I,B48) -> 11
B49: Ligne ADSL / Fibre / Câble | C49: =COUNTIF('tickets ouverts'!$I:$I,B49) -> 1
B50: PC Laptop | C50: =COUNTIF('tickets ouverts'!$I:$I,B50) -> 12
B51: PC accessoires | C51: =COUNTIF('tickets ouverts'!$I:$I,B51) -> 31
B52: Infrastructure Cloud | C52: =COUNTIF('tickets ouverts'!$I:$I,B52) -> 3
B53: Gestion des flux | C53: =COUNTIF('tickets ouverts'!$I:$I,B53) -> 40
B54: ASKit MAJ CMDB | C54: =COUNTIF('tickets ouverts'!$I:$I,B54) -> 23
B55: Hub USB | C55: =COUNTIF('tickets ouverts'!$I:$I,B55) -> 5
B56: Demande d'entrée DNS | C56: =COUNTIF('tickets ouverts'!$I:$I,B56) -> 3
B57: Demande de certificat / Keytab | C57: =COUNTIF('tickets ouverts'!$I:$I,B57) -> 11
B58: Droits administrateur local | C58: =COUNTIF('tickets ouverts'!$I:$I,B58) -> 1
B59: Masterisation d'un poste | C59: =COUNTIF('tickets ouverts'!$I:$I,B59) -> 9
B60: PC Desktop | C60: =COUNTIF('tickets ouverts'!$I:$I,B60) -> 6
... B87: Aftersales | C87: =COUNTIF('tickets ouverts'!$I:$I,B87) -> 3
C91: très insatisfait | D91: Plutôt insatisfait | E91: insatisfait | F91: Satisfait | G91: très satisfait
B92: Satisfaction de traitement | C92: =COUNTIF('Askit -SST KRM enquête'!G:G,1) -> 0 | D92: =COUNTIF('Askit -SST KRM enquête'!G:G,2) -> 0 | E92: =COUNTIF('Askit -SST KRM enquête'!G:G,3) -> 0 | F92: =COUNTIF('Askit -SST KRM enquête'!G:G,4) -> 9 | G92: =COUNTIF('Askit -SST KRM enquête'!G:G,5) -> 37
B93: Communication des opérateurs | C93: =COUNTIF('Askit -SST KRM enquête'!H:H,1) -> 0 | D93: =COUNTIF('Askit -SST KRM enquête'!H:H,2) -> 0 | E93: =COUNTIF('Askit -SST KRM enquête'!H:H,3) -> 0 | F93: =COUNTIF('Askit -SST KRM enquête'!H:H,4) -> 8 | G93: =COUNTIF('Askit -SST KRM enquête'!H:H,5) -> 38
B94: Satisfaction du temps de traitement | C94: =COUNTIF('Askit -SST KRM enquête'!I:I,1) -> 0 | D94: =COUNTIF('Askit -SST KRM enquête'!I:I,2) -> 1 | E94: =COUNTIF('Askit -SST KRM enquête'!I:I,3) -> 0 | F94: =COUNTIF('Askit -SST KRM enquête'!I:I,4) -> 8 | G94: =COUNTIF('Askit -SST KRM enquête'!I:I,5) -> 37
B95: taux de satisfaction | C95: =SUM(C92:C94)/SUM($C$92:$G$94) -> 0 | D95: =SUM(D92:D94)/SUM($C$92:$G$94) -> 0.0072463768 | E95: =SUM(E92:E94)/SUM($C$92:$G$94) -> 0 | F95: =SUM(F92:F94)/SUM($C$92:$G$94) -> 0.18115942 | G95: =SUM(G92:G94)/SUM($C$92:$G$94) -> 0.8115942
B98: Nbr des demandes globales Traitées sur le mois | C98: =C5 -> 308
B99: nombre de participants | C99: =COUNTA('Askit -SST KRM enquête'!A:A)-1 -> 46
B100: taux de participation | C100: =C99/C98 -> 0.14935065
C117: Les rubriques les moins satisfaisantes
C118: très insatisfait | D118: plutôt insatisfait | E118: insatisfait
B119: Satisfaction de traitement | C119: {=_xlfn.UNIQUE(_xlfn._xlws.FILTER('Askit -SST KRM enquête'!F:F,'Askit -SST KRM enquête'!G:G=1))} -> #VALUE! | D119: {=_xlfn.UNIQUE(_xlfn._xlws.FILTER('Askit -SST KRM enquête'!F:F,'Askit -SST KRM enquête'!G:G=2))} -> #VALUE! | E119: {=_xlfn.UNIQUE(_xlfn._xlws.FILTER('Askit -SST KRM enquête'!F:F,'Askit -SST KRM enquête'!G:G=3))} -> #VALUE!
B121: Communication de l'opérateur | C121: {=_xlfn.UNIQUE(_xlfn._xlws.FILTER('Askit -SST KRM enquête'!F:F,'Askit -SST KRM enquête'!H:H=1))} -> #VALUE! | D121: {=_xlfn.UNIQUE(_xlfn._xlws.FILTER('Askit -SST KRM enquête'!F:F,'Askit -SST KRM enquête'!H:H=2))} -> #VALUE! | E121: {=_xlfn.UNIQUE(_xlfn._xlws.FILTER('Askit -SST KRM enquête'!F:F,'Askit -SST KRM enquête'!H:H=3))} -> #VALUE!
B124: temps de résolution | C124: {=_xlfn.UNIQUE(_xlfn._xlws.FILTER('Askit -SST KRM enquête'!F:F,'Askit -SST KRM enquête'!I:I=1))} -> #VALUE! | D124: {=_xlfn.UNIQUE(_xlfn._xlws.FILTER('Askit -SST KRM enquête'!F:F,'Askit -SST KRM enquête'!I:I=2))} -> PC Laptop | E124: {=_xlfn.UNIQUE(_xlfn._xlws.FILTER('Askit -SST KRM enquête'!F:F,'Askit -SST KRM enquête'!I:I=3))} -> #VALUE!

Sheet tickets ouverts
A1: N° ticket | B1: Bénéficiaire | C1: Bénéficiaire ID | D1: Directeur | E1: département | F1: Bénéficiaire : Localisation | G1: Enregistré le | H1: Date de résolution | I1: Sujet | J1: Priorité | K1: E_REPONSES | L1: Description | M1: Bénéficiaire : Niveau de VIP | N1: GROUP_$lng | O1: Groupe courant | P1: Résolu par (groupe) | Q1: Résolu par (intervenant) | R1: GROUP_$lng | S1: Meta Statut | T1: Délai de résolution (min) | U1: Statut ticket | V1: Workflow
A2: S260601_030 | B2: TOUMI, Sonia | C2: G361469 | D2: MASMOUDI, Oussema | E2: BBS | F2: Tunisie/Megrine | G2: 46174.381 | H2: 46185.443 | I2: Souris | J2: 3 | K2: 1 x Souris : 0 EUR1 x Souris filaire : 9.43 EURCentre de coût : S250200 | L2: bonjoursouris est disponiblecordialement | N2: G_IT_DESKTOP_KRM | P2: G_IT_DESKTOP_SST | Q2: BOUFAHJA, Kamel | R2: G_IT_DESKTOP_KRM | S2: Terminé | T2: 4 | U2: Clôturé | V2: WF_REQ_GENERIC_V6.1
A3: S260601_083 | B3: MHAMDI, Amira | C3: G361265 | D3: MAROUFI, Walid | E3: E&T | F3: Tunisie/Kram | G3: 46174.436 | H3: 46188.688 | I3: Souris | J3: 2 | K3: 1 x Souris : 0 EUR1 x Souris sans fil : 12.65 EURCentre de coût : S250300 | L3: BonjourVotre demande est disponibleCdtSANA | N3: G_IT_DESKTOP_KRM | P3: G_IT_DESKTOP_KRM | Q3: GARRAWI, Sana | R3: G_IT_DESKTOP_KRM | S3: Terminé | T3: 4.5222222 | U3: Clôturé | V3: WF_REQ_GENERIC_V6.1
A4: S260601_089 | B4: BEN ALI, Samia | C4: G573274 | D4: MAROUFI, Walid | E4: E&T | F4: Tunisie/Kram | G4: 46174.444 | I4: Ligne ADSL / Fibre / Câble | J4: 3 | K4: 1 x Ligne ADSL / Fibre / Câble : 0 EUREmplacement technique de la ligne (Bât, Etg, Bureau...) : 1 étage site KramLigne : CâbleFournisseur : FreeDésignation commerciale de l'abonnement : !!!!!!Motif du besoin : connexion ethernetCoût mensuel de l'abonnement (euros) : 0Frais de mise en service (euros) : 0Affectation comptable (ordre ou section budgétaire) : 0Responsable de la ligne (+ matricule) : g573274 | N4: G_IT_NETWORK_ADSL | O4: G_IT_NETWORK_KRM | R4: G_IT_NETWORK_ADSL | S4: En cours de traitement | T4: 0 | U4: Redirigé | V4: WF_REQ_GENERIC_V6.1
A5: S260601_090 | B5: ZBIDI, Borhen | C5: G800777 | D5: MAROUFI, Walid | E5: E&T | F5: Tunisie/Sousse | G5: 46174.444 | H5: 46175.372 | I5: PC Laptop | J5: 2 | K5: 1 x PC Laptop : 0 EUR1 x Laptop reconditionné : EUR1 x Aucun écran : USD1 x Aucun sac : EURType : TestConfiguration : Configuration validationOS : WindowsClavier : AZERTYCentre de coût : S250300Email de validation de son DIR pôle à joindre : 2026-06-01_11-00-52.pdf | L5: ​Bonjour,​a { text-decoration: none; color: #464feb; }tr th, tr td { border: 1px solid #e6e6e6; }tr th { background-color: #f5f5f5; }a { text-decoration: none; color: #464feb; }tr th, tr td { border: 1px solid #e6e6e6; }tr th { background-color: #f5f5f5; }Suite à l’urgence et au fait que je ne dispose pas d’un laptop sur site.je vous ai préparé un desktop de test après réception de votre confirmation.Vous pouvez passer au bureau IT pour le récupérer.Cordialement. | N5: G_IT_DESKTOP_SST | P5: G_IT_DESKTOP_QSO | Q5: MFARREJ, Yosri | R5: G_IT_DESKTOP_SST | S5: Terminé | T5: 0.36597222 | U5: Clôturé | V5: WF_REQ_GENERIC_V6.1
A6: S260601_102 | B6: BOUHAJJA, Wiem | C6: G360699 | D6: SAMANDI, Sami | E6: AVS | F6: Tunisie/Megrine | G6: 46174.461 | H6: 46185.365 | I6: PC accessoires | J6: 2 | K6: 1 x PC accessoires : 0 EURN° étiquette du PC (ou modèle) : .Autres accessoires : OuiAutre (préciser l'équipement et la taille) : casqueCentre de coût : S250201 | L6: @équipe IT : si le stock est épuisé , merci de transmettre la référence de cable de sécurité ( ref : Twin Clicksafe Master keyed Lock for All ) à BEN MANSOUR Hakim afin qu'il puisse lancer une demande d'achat bonjourcasque est dispocordialement | N6: G_IT_DESKTOP_SST | P6: G_IT_DESKTOP_SST | Q6: BOUFAHJA, Kamel | R6: G_IT_DESKTOP_SST | S6: Terminé | T6: 3.8416667 | U6: Clôturé | V6: WF_REQ_GENERIC_V6.1
A7: S260601_103 | B7: THELJAOUI, Mohamed | C7: G361247 | D7: BEN ABDALLAH, Mehdi | E7: supports | F7: Tunisie/Megrine | G7: 46174.462 | H7: 46185.326 | I7: Infrastructure Cloud | J7: 3 | K7: 1 x Infrastructure Cloud : 0 EURTitre : Configuration SAML pour supEVALEntité/service : ITEnvironnement : Development/Integration/TestType d'accès : Sagemcom interneCommunication avec réseau Sagemcom : OuiType de service : VM Linux | L7: dejà traité | N7: G_IT_INFRA_BLB | P7: G_IT_INFRA_BLB | Q7: BOUHADANA, David | R7: G_IT_INFRA_BLB | S7: Terminé | T7: 3.8097222 | U7: Clôturé | V7: WF_REQ_GENERIC_V6.1
A8: S260601_105 | B8: GHARDALLOU, Mohamed | C8: G800389 | D8: MAROUFI, Walid | E8: E&T | F8: Tunisie/Sousse | G8: 46174.462 | H8: 46181.397 | I8: Gestion des flux | J8: 2 | K8: 1 x Gestion des flux : 0 EURTitre : gta non accessibleAction demandée : CréationProjet/Application : GTASite destination : EZR (Tunisie/Ezzahra)Adresses IP sources : g800389Adresses IP destination : https://gta.sst.scom:8443/webquartz/ux/loginPort destination : 8443 | L8: Accepter Pour accepter la demande, cliquez simplement sur le bouton d'envoi de ce mail. Ne modifiez pas le texte ci dessous @OPERATION@='SOLVE' @RFC_NUMBER@='S260601_105' @CHOICE@='1' Mohamed Ghardallou Référent Technique Senior E&T (SST) Adresse postale: Parc technologique Innovation City, Sousse 4061 Mobile: +216 99 163 122 | N8: G_IT_NETWORK_BLB | P8: G_IT_SECURITY | Q8: OGRYZEK, Damien | R8: G_IT_NETWORK_BLB | S8: Terminé | T8: 2.1229167 | U8: Clôturé | V8: WF_REQ_GENERIC_V6.1
A9: S260601_120 | B9: JAWEDI, Mohamed Mounawer | C9: G573282 | D9: JANNOT, Christian | E9: supports | F9: Tunisie/Megrine | G9: 46174.48 | H9: 46182.699 | I9: Souris | J9: 3 | K9: 1 x Souris : 0 EUR1 x Souris filaire : 9.43 EURCentre de coût : S250206 | L9: Accepter Pour accepter la demande, cliquez simplement sur le bouton d'envoi de ce mail. Ne modifiez pas le texte ci dessous @OPERATION@='SOLVE' @RFC_NUMBER@='S260601_120' @CHOICE@='1' Bonjoursouris est disponiblecordialement | N9: G_IT_DESKTOP_SST | P9: G_IT_DESKTOP_SST | Q9: BOUFAHJA, Kamel | R9: G_IT_DESKTOP_SST | S9: Terminé | T9: 2.8444444 | U9: Clôturé | V9: WF_REQ_GENERIC_V6.1
A10: S260601_180 | B10: HAMMOUDA, Imen | C10: G361243 | D10: BEN ABDALLAH, Mehdi | E10: supports | F10: Tunisie/Megrine | G10: 46174.592 | H10: 46174.846 | I10: ASKit MAJ CMDB | J10: 3 | K10: Nom du serveur : BLB28063Système d'exploitation du serveur : Debian 13Type de serveur : Virtuel (VM)Espace disque du serveur (en Go) : 60 GO sous /home + 160 GO sous /varRAM Serveur (en Go) : 8Nombre de processeur et modèle pour serveur : 4Expression du besoin : Bonjour, Pouvez-vous créer cette machine dans le VLAN: DMZ_Privee VLAN 922. la machine va remplacer RMM08150, elle doit être dans le même VLAN. Cordialement, Imen Besoin en supervision : OuiBesoin en sauvegarde : OuiDescription de ce qui doit être sauvegardé : sauvegarde machineNature du serveur : PRODContact technique : HAMMOUDA, Imen - G361243Besoin réseau : Accès uniquement par SagemcomDate de mise en œuvre souhaitée : 15/06/2026Besoin d'une seconde sauvegarde sur un site distinct de Bois-Colombes : NonMatrice de flux : 95156Titre : VM MIGRATION COORD GAZPAR PRODResponsable applicatif : TALMOUDI, Abdelkader - G603655Contact mainteneur : MKADDEM, Oussama - G701089Besoin certificat HTTPS : NonBesoin d'un alias DNS (à créer ou modifier) : NonNetmask : 255.255.255.248VLAN : 3257Gateway : 10.81.130.185IP serveur : 10.81.130.187Action : CréationHébergement du serveur : Central (BLB)Nouveau VLAN : NonService/CI associé au serveur : COORDINATEUR_1G_GAZPARBesoin d'envoyer des mails via nos passerelles SMTP : OuiModèle : VMware Virtual PlatformDescription serveur : Coordinateur PROD 1G GAZPARCréation du serveur : OuiCréation serveur en CI : OuiLien CI service-serveur : OuiNom du serveur : BLB28063Système d'exploitation du serveur : Debian 13Type de serveur : Virtuel (VM)Espace disque du serveur (en Go) : 60 GO sous /home + 160 GO sous /varRAM Serveur (en Go) : 8Nombre de processeur et modèle pour serveur : 4Expression du besoin : Bonjour, Pouvez-vous créer cette machine dans le VLAN: DMZ_Privee VLAN 922. la machine va remplacer RMM08150, elle doit être dans le même VLAN. Cordialement, Imen Besoin en supervision : OuiBesoin en sauvegarde : OuiDescription de ce qui doit être sauvegardé : sauvegarde machineNature du serveur : PRODContact technique : HAMMOUDA, Imen - G361243Besoin réseau : Accès uniquement par SagemcomDate de mise en œuvre souhaitée : 15/06/2026Besoin d'une seconde sauvegarde sur un site distinct de Bois-Colombes : NonMatrice de flux : 95156Titre : VM MIGRATION COORD GAZPAR PRODResponsable applicatif : TALMOUDI, Abdelkader - G603655Contact mainteneur : MKADDEM, Oussama - G701089Besoin certificat HTTPS : NonBesoin d'un alias DNS (à créer ou modifier) : NonNetmask : 255.255.255.248VLAN : 3257Gateway : 10.81.130.185IP serveur : 10.81.130.187Action : CréationHébergement du serveur : Central (BLB)Nouveau VLAN : NonService/CI associé au serveur : COORDINATEUR_1G_GAZPARBesoin d'envoyer des mails via nos passerelles SMTP : OuiModèle : VMware Virtual PlatformDescription serveur : Coordinateur PROD 1G GAZPAR | N10: G_IT_SC_ASKIT | O10: G_IT_SC_ASKIT | P10: G_IT_SC_ASKIT | Q10: ABBAR, Ahcene | R10: G_IT_SC_ASKIT | S10: Terminé | T10: 0 | U10: Clôturé | V10: WF_CMDB_SERV_ASKIT
A11: S260601_184 | B11: CHAABANI, Sirine | C11: G800208 | D11: MAROUFI, Walid | E11: E&T | F11: Tunisie/Kram | G11: 46174.601 | H11: 46175.446 | I11: Hub USB | J11: 2 | K11: 1 x Hub USB : 18 EURNombre de ports : 7Centre de coût : S250300 | L11: Bonjour,Nous procédons à la clôture de votre ticket. Nous confirmons que les hubs USB ne sont pas fournis par notre service, veuillez contacter Karim MCHITAMerci de votre compréhension.Cdt, | N11: G_IT_DESKTOP_KRM | P11: G_IT_DESKTOP_KRM | Q11: DRIDI, Rimeh | R11: G_IT_DESKTOP_KRM | S11: Terminé | T11: 0.28263889 | U11: Clôturé | V11: WF_REQ_GENERIC_V6.1
A12: S260601_197 | B12: OMRANI, Ibrahim | C12: G800291 | D12: MAROUFI, Walid | E12: E&T | F12: Tunisie/Kram | G12: 46174.617 | H12: 46175.445 | I12: Hub USB | J12: 2 | K12: 1 x Hub USB : 18 EURNombre de ports : 4 Centre de coût : S250300 | L12: Bonjour,Nous procédons à la clôture de votre ticket. Nous confirmons que les hubs USB ne sont pas fournis par notre service, veuillez contacter Karim MCHITAMerci de votre compréhension.Cdt, | N12: G_IT_DESKTOP_KRM | P12: G_IT_DESKTOP_KRM | Q12: DRIDI, Rimeh | R12: G_IT_DESKTOP_KRM | S12: Terminé | T12: 0.26666667 | U12: Clôturé | V12: WF_REQ_GENERIC_V6.1
A13: S260601_219 | B13: DALAOUS, Wael | C13: G800394 | D13: BEN ABDALLAH, Mehdi | E13: supports | F13: Tunisie/Megrine | G13: 46174.634 | H13: 46176.5 | I13: Demande d'entrée DNS | J13: 3 | K13: 1 x Demande d'entrée DNS : 0 EURAction : CréationType de DNS : Alias (CNAME)Nom DNS souhaité : argocd-avs.blb.scomNom technique de la machine cible : 10.80.185.37 | N13: G_IT_INFRA_BLB | P13: G_IT_INFRA_BLB | Q13: GAUTREAU, Fabien | R13: G_IT_INFRA_BLB | S13: Terminé | T13: 0.74166667 | U13: Clôturé | V13: WF_REQ_GENERIC_V6.1
A14: S260601_221 | B14: DALAOUS, Wael | C14: G800394 | D14: BEN ABDALLAH, Mehdi | E14: supports | F14: Tunisie/Megrine | G14: 46174.636 | H14: 46176.497 | I14: Demande de certificat / Keytab | J14: 3 | K14: 1 x Demande de certificat / Keytab : 0 EURType de demande : CertificatNom DNS souhaité : argocd-avs.blb.scom | N14: G_IT_INFRA_BLB | P14: G_IT_INFRA_BLB | Q14: GAUTREAU, Fabien | R14: G_IT_INFRA_BLB | S14: Terminé | T14: 0.73611111 | U14: Clôturé | V14: WF_REQ_GENERIC_V6.1
A15: S260601_227 | B15: JAAFAR, Fatma | C15: G361305 | D15: MAROUFI, Walid | E15: E&T | F15: Tunisie/Kram | G15: 46174.644 | H15: 46175.666 | I15: Souris | J15: 2 | K15: 1 x Souris : 0 EUR1 x Souris filaire : 9.43 EURCentre de coût : S250300 | L15: Bonjourdemande traitéeCdtSANA | N15: G_IT_DESKTOP_KRM | P15: G_IT_DESKTOP_KRM | Q15: GARRAWI, Sana | R15: G_IT_DESKTOP_KRM | S15: Terminé | T15: 0.45972222 | U15: Clôturé | V15: WF_REQ_GENERIC_V6.1
A16: S260601_241 | B16: GOUTALI, Ghada | C16: G701944 | D16: SAMANDI, Sami | E16: AVS | F16: Tunisie/Megrine | G16: 46174.654 | H16: 46184.401 | I16: Souris | J16: 3 | K16: 1 x Souris : 0 EUR1 x Souris filaire : 9.43 EURCentre de coût : S250201 | L16: bonjoursouris est disponiblecordialement | N16: G_IT_DESKTOP_SST | P16: G_IT_DESKTOP_SST | Q16: BOUFAHJA, Kamel | R16: G_IT_DESKTOP_SST | S16: Terminé | T16: 3.2479167 | U16: Clôturé | V16: WF_REQ_GENERIC_V6.1
A17: S260601_242 | B17: JAOUADI, Wassim | C17: G701244 | D17: BEN SALAH, Naoufel | E17: BBS | F17: Tunisie/Megrine | G17: 46174.655 | I17: Droits administrateur local | J17: 2 | K17: 1 x Droits administrateur local : 0 EURQuel est le n° de l'étiquette du PC (code barre) ? : P1311003Nom et matricule de l'ancien propriétaire : Ameni SammariCette machine devient-elle la votre ? : OuiType OS : Linux | N17: G_IT_DESKTOP_SST | O17: G_IT_DESKTOP_SST | R17: G_IT_DESKTOP_SST | S17: En cours de traitement | T17: 0 | U17: En cours | V17: WF_REQ_GENERIC_V6.1
A18: S260601_255 | B18: MBRAEK, Bochra | C18: G800299 | D18: BEN SALAH, Naoufel | E18: BBS | F18: Tunisie/Megrine | G18: 46174.673 | H18: 46202.45 | I18: Masterisation d'un poste | J18: 2 | K18: 1 x Masterisation d'un poste : 0 EURChoix de l'OS : LinuxDoit-on sauvegarder les données ? : NonNom de l'ancien propriétaire : Mehrez RekikN° de code barre du PC concerné par la masterisation : p1312898Trigramme site (pour hostname PC) : localhost.localdomain | L18: Bonjour,Desktop est disponibleCordialement | N18: G_IT_DESKTOP_SST | P18: G_IT_DESKTOP_SST | Q18: ADOUKA, Mohamed | R18: G_IT_DESKTOP_SST | S18: Terminé | T18: 8.5270833 | U18: Clôturé | V18: WF_REQ_GENERIC_V6.1
A19: S260601_275 | B19: RAHMANI, Ameni | C19: G701934 | D19: MASMOUDI, Oussema | E19: BBS | F19: Tunisie/Megrine | G19: 46174.736 | H19: 46191.455 | I19: Masterisation d'un poste | J19: 2 | K19: 1 x Masterisation d'un poste : 0 EURChoix de l'OS : LinuxDoit-on sauvegarder les données ? : OuiNom de l'ancien propriétaire : Rahmani AmeniN° de code barre du PC concerné par la masterisation : P1311469 | L19: Bonjour,Demande bien traitéCdt. | N19: G_IT_DESKTOP_SST | P19: G_IT_DESKTOP_SST | Q19: ADOUKA, Mohamed | R19: G_IT_DESKTOP_SST | S19: Terminé | T19: 5.4069444 | U19: Clôturé | V19: WF_REQ_GENERIC_V6.1
A20: S260602_013 | B20: HAMMOUDA, Imen | C20: G361243 | D20: BEN ABDALLAH, Mehdi | E20: supports | F20: Tunisie/Megrine | G20: 46175.297 | H20: 46175.45 | I20: ASKit MAJ CMDB | J20: 3 | K20: Système d'exploitation du serveur : Debian 13Type de serveur : Virtuel (VM)Nom du serveur : BLB28058Espace disque du serveur (en Go) : 20 GO sous /home + 60 GO sous /varBesoin en supervision : OuiRAM Serveur (en Go) : 8Nombre de processeur et modèle pour serveur : 4Expression du besoin : Bonjour, Pouvez-vous créer cette machine dans le VLAN: DMZ_Privee VLAN 922. la machine va remplacer RMM08213, elle doit être dans le même VLAN. Cordialement, Imen Description de ce qui doit être sauvegardé : Sauvegarde machineBesoin en sauvegarde : OuiNature du serveur : PRODContact technique : HAMMOUDA, Imen - G361243Besoin réseau : Accès uniquement par SagemcomDate de mise en œuvre souhaitée : 25/07/2026Matrice de flux : 95211Titre : VM MIGRATION SAV LINKY PRODBesoin d'une seconde sauvegarde sur un site distinct de Bois-Colombes : NonContact mainteneur : MKADDEM, Oussama - G701089Responsable applicatif : TALMOUDI, Abdelkader - G603655Besoin certificat HTTPS : NonNetmask : 255.255.255.248Besoin d'un alias DNS (à créer ou modifier) : NonVLAN : 3258Gateway : 10.81.130.193IP serveur : 10.81.130.197Hébergement du serveur : Central (BLB)Action : CréationNouveau VLAN : NonService/CI associé au serveur : CORP_PORTAL_SAVBesoin d'envoyer des mails via nos passerelles SMTP : OuiModèle : VMware Virtual PlatformDescription serveur : SAV LINKY PROD 1GCréation du serveur : OuiCréation serveur en CI : OuiLien CI service-serveur : OuiSystème d'exploitation du serveur : Debian 13Type de serveur : Virtuel (VM)Nom du serveur : BLB28058Espace disque du serveur (en Go) : 20 GO sous /home + 60 GO sous /varBesoin en supervision : OuiRAM Serveur (en Go) : 8Nombre de processeur et modèle pour serveur : 4Expression du besoin : Bonjour, Pouvez-vous créer cette machine dans le VLAN: DMZ_Privee VLAN 922. la machine va remplacer RMM08213, elle doit être dans le même VLAN. Cordialement, Imen Description de ce qui doit être sauvegardé : Sauvegarde machineBesoin en sauvegarde : OuiNature du serveur : PRODContact technique : HAMMOUDA, Imen - G361243Besoin réseau : Accès uniquement par SagemcomDate de mise en œuvre souhaitée : 25/07/2026Matrice de flux : 95211Titre : VM MIGRATION SAV LINKY PRODBesoin d'une seconde sauvegarde sur un site distinct de Bois-Colombes : NonContact mainteneur : MKADDEM, Oussama - G701089Responsable applicatif : TALMOUDI, Abdelkader - G603655Besoin certificat HTTPS : NonNetmask : 255.255.255.248Besoin d'un alias DNS (à créer ou modifier) : NonVLAN : 3258Gateway : 10.81.130.193IP serveur : 10.81.130.197Hébergement du serveur : Central (BLB)Action : CréationNouveau VLAN : NonService/CI associé au serveur : CORP_PORTAL_SAVBesoin d'envoyer des mails via nos passerelles SMTP : OuiModèle : VMware Virtual PlatformDescription serveur : SAV LINKY PROD 1G | N20: G_IT_SC_ASKIT | O20: G_IT_SC_ASKIT | P20: G_IT_SC_ASKIT | Q20: ABBAR, Ahcene | R20: G_IT_SC_ASKIT | S20: Terminé | T20: 0 | U20: Clôturé | V20: WF_CMDB_SERV_ASKIT
A21: S260602_014 | B21: HAMMOUDA, Imen | C21: G361243 | D21: BEN ABDALLAH, Mehdi | E21: supports | F21: Tunisie/Megrine | G21: 46175.298 | H21: 46175.45 | I21: ASKit MAJ CMDB | J21: 3 | K21: Nom du serveur : BLB28061Type de serveur : Virtuel (VM)Système d'exploitation du serveur : Debian 13Espace disque du serveur (en Go) : 20 GO sous /home + 30 GO sous /varRAM Serveur (en Go) : 4Nombre de processeur et modèle pour serveur : 4Expression du besoin : Bonjour, Pouvez-vous créer cette machine dans le VLAN: DMZ_Privee VLAN 922. la machine va remplacer RMM08451, elle doit être dans le même VLAN. Cordialement, Imen Besoin en supervision : OuiBesoin en sauvegarde : OuiDescription de ce qui doit être sauvegardé : sauvegarde machineNature du serveur : PRODContact technique : HAMMOUDA, Imen - G361243Besoin réseau : Accès uniquement par SagemcomDate de mise en œuvre souhaitée : 30/08/2026Besoin d'une seconde sauvegarde sur un site distinct de Bois-Colombes : NonMatrice de flux : 95163Titre : VM MIGRATION COORD ENSO PRODResponsable applicatif : TALMOUDI, Abdelkader - G603655Contact mainteneur : MKADDEM, Oussama - G701089Besoin certificat HTTPS : NonBesoin d'un alias DNS (à créer ou modifier) : NonNetmask : 255.255.255.248VLAN : 3011Gateway : 10.81.128.89IP serveur : 10.81.128.93Action : CréationHébergement du serveur : Central (BLB)Nouveau VLAN : NonService/CI associé au serveur : COORDINATEUR_ 1G_ENSOBesoin d'envoyer des mails via nos passerelles SMTP : OuiModèle : VMware Virtual PlatformDescription serveur : Coordinateur PROD 1G ENSOCréation du serveur : OuiCréation serveur en CI : OuiLien CI service-serveur : OuiNom du serveur : BLB28061Type de serveur : Virtuel (VM)Système d'exploitation du serveur : Debian 13Espace disque du serveur (en Go) : 20 GO sous /home + 30 GO sous /varRAM Serveur (en Go) : 4Nombre de processeur et modèle pour serveur : 4Expression du besoin : Bonjour, Pouvez-vous créer cette machine dans le VLAN: DMZ_Privee VLAN 922. la machine va remplacer RMM08451, elle doit être dans le même VLAN. Cordialement, Imen Besoin en supervision : OuiBesoin en sauvegarde : OuiDescription de ce qui doit être sauvegardé : sauvegarde machineNature du serveur : PRODContact technique : HAMMOUDA, Imen - G361243Besoin réseau : Accès uniquement par SagemcomDate de mise en œuvre souhaitée : 30/08/2026Besoin d'une seconde sauvegarde sur un site distinct de Bois-Colombes : NonMatrice de flux : 95163Titre : VM MIGRATION COORD ENSO PRODResponsable applicatif : TALMOUDI, Abdelkader - G603655Contact mainteneur : MKADDEM, Oussama - G701089Besoin certificat HTTPS : NonBesoin d'un alias DNS (à créer ou modifier) : NonNetmask : 255.255.255.248VLAN : 3011Gateway : 10.81.128.89IP serveur : 10.81.128.93Action : CréationHébergement du serveur : Central (BLB)Nouveau VLAN : NonService/CI associé au serveur : COORDINATEUR_ 1G_ENSOBesoin d'envoyer des mails via nos passerelles SMTP : OuiModèle : VMware Virtual PlatformDescription serveur : Coordinateur PROD 1G ENSO | N21: G_IT_SC_ASKIT | O21: G_IT_SC_ASKIT | P21: G_IT_SC_ASKIT | Q21: ABBAR, Ahcene | R21: G_IT_SC_ASKIT | S21: Terminé | T21: 0 | U21: Clôturé | V21: WF_CMDB_SERV_ASKIT
A22: S260602_015 | B22: HAMMOUDA, Imen | C22: G361243 | D22: BEN ABDALLAH, Mehdi | E22: supports | F22: Tunisie/Megrine | G22: 46175.299 | H22: 46175.45 | I22: ASKit MAJ CMDB | J22: 3 | K22: Nom du serveur : BLB28059Type de serveur : Virtuel (VM)Système d'exploitation du serveur : Debian 13Espace disque du serveur (en Go) : 20 GO sous /home + 20 GO sous /varRAM Serveur (en Go) : 4Nombre de processeur et modèle pour serveur : 4Expression du besoin : Bonjour, Pouvez-vous créer cette machine dans le VLAN: DMZ_Privee VLAN 922. la machine va remplacer RMM08376, elle doit être dans le même VLAN. Cordialement, Imen Besoin en supervision : OuiBesoin en sauvegarde : OuiDescription de ce qui doit être sauvegardé : Sauvegarde machineNature du serveur : PRODContact technique : HAMMOUDA, Imen - G361243Besoin réseau : Accès uniquement par SagemcomDate de mise en œuvre souhaitée : 26/06/2026Besoin d'une seconde sauvegarde sur un site distinct de Bois-Colombes : NonMatrice de flux : 95206Titre : VM MIGRATION COORD EEHC PRODResponsable applicatif : TALMOUDI, Abdelkader - G603655Contact mainteneur : MKADDEM, Oussama - G701089Besoin certificat HTTPS : NonBesoin d'un alias DNS (à créer ou modifier) : NonNetmask : 255.255.255.248VLAN : 3003Gateway : 10.81.128.25IP serveur : 10.81.128.29Action : CréationHébergement du serveur : Central (BLB)Nouveau VLAN : NonService/CI associé au serveur : COORDINATEUR_2G_EGYPTE_EEHCBesoin d'envoyer des mails via nos passerelles SMTP : OuiModèle : VMware Virtual PlatformDescription serveur : Coordinateur PROD 1G EEHCCréation du serveur : OuiCréation serveur en CI : OuiLien CI service-serveur : OuiNom du serveur : BLB28059Type de serveur : Virtuel (VM)Système d'exploitation du serveur : Debian 13Espace disque du serveur (en Go) : 20 GO sous /home + 20 GO sous /varRAM Serveur (en Go) : 4Nombre de processeur et modèle pour serveur : 4Expression du besoin : Bonjour, Pouvez-vous créer cette machine dans le VLAN: DMZ_Privee VLAN 922. la machine va remplacer RMM08376, elle doit être dans le même VLAN. Cordialement, Imen Besoin en supervision : OuiBesoin en sauvegarde : OuiDescription de ce qui doit être sauvegardé : Sauvegarde machineNature du serveur : PRODContact technique : HAMMOUDA, Imen - G361243Besoin réseau : Accès uniquement par SagemcomDate de mise en œuvre souhaitée : 26/06/2026Besoin d'une seconde sauvegarde sur un site distinct de Bois-Colombes : NonMatrice de flux : 95206Titre : VM MIGRATION COORD EEHC PRODResponsable applicatif : TALMOUDI, Abdelkader - G603655Contact mainteneur : MKADDEM, Oussama - G701089Besoin certificat HTTPS : NonBesoin d'un alias DNS (à créer ou modifier) : NonNetmask : 255.255.255.248VLAN : 3003Gateway : 10.81.128.25IP serveur : 10.81.128.29Action : CréationHébergement du serveur : Central (BLB)Nouveau VLAN : NonService/CI associé au serveur : COORDINATEUR_2G_EGYPTE_EEHCBesoin d'envoyer des mails via nos passerelles SMTP : OuiModèle : VMware Virtual PlatformDescription serveur : Coordinateur PROD 1G EEHC | N22: G_IT_SC_ASKIT | O22: G_IT_SC_ASKIT | P22: G_IT_SC_ASKIT | Q22: ABBAR, Ahcene | R22: G_IT_SC_ASKIT | S22: Terminé | T22: 0 | U22: Clôturé | V22: WF_CMDB_SERV_ASKIT
A23: S260602_016 | B23: HAMMOUDA, Imen | C23: G361243 | D23: BEN ABDALLAH, Mehdi | E23: supports | F23: Tunisie/Megrine | G23: 46175.301 | H23: 46175.45 | I23: ASKit MAJ CMDB | J23: 3 | K23: Nom du serveur : BLB29037Type de serveur : Virtuel (VM)Système d'exploitation du serveur : Debian 13Espace disque du serveur (en Go) : 20 GO sous /home + 20 GO sous /varRAM Serveur (en Go) : 4Nombre de processeur et modèle pour serveur : 4Expression du besoin : Bonjour, Pouvez-vous créer cette machine dans le VLAN: DMZ_Privee VLAN 922. la machine va remplacer RMM08450, elle doit être dans le même VLAN. Cordialement, Imen Besoin en supervision : OuiBesoin en sauvegarde : OuiDescription de ce qui doit être sauvegardé : Sauvegarde machineNature du serveur : VALContact technique : HAMMOUDA, Imen - G361243Besoin réseau : Accès uniquement par SagemcomDate de mise en œuvre souhaitée : 31/07/2026Matrice de flux : 95162Titre : VM MIGRATION COORD ENSO VALResponsable applicatif : TALMOUDI, Abdelkader - G603655Contact mainteneur : MKADDEM, Oussama - G701089Besoin certificat HTTPS : NonBesoin d'un alias DNS (à créer ou modifier) : NonNetmask : 255.255.255.248VLAN : 3011Gateway : 10.81.128.89IP serveur : 10.81.128.92Action : CréationHébergement du serveur : Central (BLB)Nouveau VLAN : NonService/CI associé au serveur : COORDINATEUR_ 1G_ENSOBesoin d'envoyer des mails via nos passerelles SMTP : OuiModèle : VMware Virtual PlatformDescription serveur : Coordinateur VAL 1G ENSOCréation du serveur : OuiCréation serveur en CI : OuiLien CI service-serveur : OuiNom du serveur : BLB29037Type de serveur : Virtuel (VM)Système d'exploitation du serveur : Debian 13Espace disque du serveur (en Go) : 20 GO sous /home + 20 GO sous /varRAM Serveur (en Go) : 4Nombre de processeur et modèle pour serveur : 4Expression du besoin : Bonjour, Pouvez-vous créer cette machine dans le VLAN: DMZ_Privee VLAN 922. la machine va remplacer RMM08450, elle doit être dans le même VLAN. Cordialement, Imen Besoin en supervision : OuiBesoin en sauvegarde : OuiDescription de ce qui doit être sauvegardé : Sauvegarde machineNature du serveur : VALContact technique : HAMMOUDA, Imen - G361243Besoin réseau : Accès uniquement par SagemcomDate de mise en œuvre souhaitée : 31/07/2026Matrice de flux : 95162Titre : VM MIGRATION COORD ENSO VALResponsable applicatif : TALMOUDI, Abdelkader - G603655Contact mainteneur : MKADDEM, Oussama - G701089Besoin certificat HTTPS : NonBesoin d'un alias DNS (à créer ou modifier) : NonNetmask : 255.255.255.248VLAN : 3011Gateway : 10.81.128.89IP serveur : 10.81.128.92Action : CréationHébergement du serveur : Central (BLB)Nouveau VLAN : NonService/CI associé au serveur : COORDINATEUR_ 1G_ENSOBesoin d'envoyer des mails via nos passerelles SMTP : OuiModèle : VMware Virtual PlatformDescription serveur : Coordinateur VAL 1G ENSO | N23: G_IT_SC_ASKIT | O23: G_IT_SC_ASKIT | P23: G_IT_SC_ASKIT | Q23: ABBAR, Ahcene | R23: G_IT_SC_ASKIT | S23: Terminé | T23: 0 | U23: Clôturé | V23: WF_CMDB_SERV_ASKIT
A24: S260602_017 | B24: HAMMOUDA, Imen | C24: G361243 | D24: BEN ABDALLAH, Mehdi | E24: supports | F24: Tunisie/Megrine | G24: 46175.301 | H24: 46175.449 | I24: ASKit MAJ CMDB | J24: 3 | K24: Nom du serveur : BLB29038Type de serveur : Virtuel (VM)Système d'exploitation du serveur : Debian 13Espace disque du serveur (en Go) : 20 GO sous /home + 20 GO sous /varRAM Serveur (en Go) : 4Nombre de processeur et modèle pour serveur : 4Expression du besoin : Bonjour, Pouvez-vous créer cette machine dans le VLAN: DMZ_Privee VLAN 922. la machine va remplacer rmm08417, elle doit être dans le même VLAN. Cordialement, Imen Besoin en supervision : OuiBesoin en sauvegarde : OuiDescription de ce qui doit être sauvegardé : Sauvegarde machineNature du serveur : VALContact technique : HAMMOUDA, Imen - G361243Besoin réseau : Accès uniquement par SagemcomDate de mise en œuvre souhaitée : 01/07/2026Matrice de flux : 95159Titre : VM MIGRATION COORD SMARTVILLAG VALResponsable applicatif : TALMOUDI, Abdelkader - G603655Contact mainteneur : MKADDEM, Oussama - G701089Besoin certificat HTTPS : NonBesoin d'un alias DNS (à créer ou modifier) : NonNetmask : 255.255.255.248VLAN : 3008Gateway : 10.81.128.65IP serveur : 10.81.128.68Action : CréationHébergement du serveur : Central (BLB)Nouveau VLAN : NonService/CI associé au serveur : COORDINATEUR_ 1G_SMART_VILLAGEBesoin d'envoyer des mails via nos passerelles SMTP : OuiModèle : VMware Virtual PlatformDescription serveur : Coordinateur VAL 1G SMARTVILLAGCréation du serveur : OuiCréation serveur en CI : OuiLien CI service-serveur : OuiNom du serveur : BLB29038Type de serveur : Virtuel (VM)Système d'exploitation du serveur : Debian 13Espace disque du serveur (en Go) : 20 GO sous /home + 20 GO sous /varRAM Serveur (en Go) : 4Nombre de processeur et modèle pour serveur : 4Expression du besoin : Bonjour, Pouvez-vous créer cette machine dans le VLAN: DMZ_Privee VLAN 922. la machine va remplacer rmm08417, elle doit être dans le même VLAN. Cordialement, Imen Besoin en supervision : OuiBesoin en sauvegarde : OuiDescription de ce qui doit être sauvegardé : Sauvegarde machineNature du serveur : VALContact technique : HAMMOUDA, Imen - G361243Besoin réseau : Accès uniquement par SagemcomDate de mise en œuvre souhaitée : 01/07/2026Matrice de flux : 95159Titre : VM MIGRATION COORD SMARTVILLAG VALResponsable applicatif : TALMOUDI, Abdelkader - G603655Contact mainteneur : MKADDEM, Oussama - G701089Besoin certificat HTTPS : NonBesoin d'un alias DNS (à créer ou modifier) : NonNetmask : 255.255.255.248VLAN : 3008Gateway : 10.81.128.65IP serveur : 10.81.128.68Action : CréationHébergement du serveur : Central (BLB)Nouveau VLAN : NonService/CI associé au serveur : COORDINATEUR_ 1G_SMART_VILLAGEBesoin d'envoyer des mails via nos passerelles SMTP : OuiModèle : VMware Virtual PlatformDescription serveur : Coordinateur VAL 1G SMARTVILLAG | N24: G_IT_SC_ASKIT | O24: G_IT_SC_ASKIT | P24: G_IT_SC_ASKIT | Q24: ABBAR, Ahcene | R24: G_IT_SC_ASKIT | S24: Terminé | T24: 0 | U24: Clôturé | V24: WF_CMDB_SERV_ASKIT
A25: S260602_018 | B25: HAMMOUDA, Imen | C25: G361243 | D25: BEN ABDALLAH, Mehdi | E25: supports | F25: Tunisie/Megrine | G25: 46175.302 | H25: 46175.449 | I25: ASKit MAJ CMDB | J25: 3 | K25: Nom du serveur : BLB28064Type de serveur : Virtuel (VM)Système d'exploitation du serveur : Debian 13Espace disque du serveur (en Go) : 20 GO sous /home + 60 GO sous /varRAM Serveur (en Go) : 8 GoNombre de processeur et modèle pour serveur : 4Expression du besoin : Bonjour, Pouvez-vous créer cette machine dans le VLAN: DMZ_Privee VLAN 922. la machine va remplacer RMM08409, elle doit être dans le même VLAN. Cordialement, Imen Besoin en supervision : OuiBesoin en sauvegarde : OuiDescription de ce qui doit être sauvegardé : sauvegarde machineNature du serveur : PRODContact technique : HAMMOUDA, Imen - G361243Besoin réseau : Accès uniquement par SagemcomDate de mise en œuvre souhaitée : 22/05/2026Besoin d'une seconde sauvegarde sur un site distinct de Bois-Colombes : NonMatrice de flux : 95153Titre : VM MIGRATION COORD REGAZ PRODResponsable applicatif : TALMOUDI, Abdelkader - G603655Contact mainteneur : MKADDEM, Oussama - G701089Besoin certificat HTTPS : NonBesoin d'un alias DNS (à créer ou modifier) : NonNetmask : 255.255.255.248VLAN : 3006Gateway : 10.81.128.49IP serveur : 10.81.128.54Action : CréationHébergement du serveur : Central (BLB)Nouveau VLAN : NonService/CI associé au serveur : COORDINATEUR_1G_REGAZ_GEGBesoin d'envoyer des mails via nos passerelles SMTP : OuiModèle : VMware Virtual PlatformDescription serveur : Coordinateur PROD 1G REGAZCréation du serveur : OuiCréation serveur en CI : OuiLien CI service-serveur : OuiNom du serveur : BLB28064Type de serveur : Virtuel (VM)Système d'exploitation du serveur : Debian 13Espace disque du serveur (en Go) : 20 GO sous /home + 60 GO sous /varRAM Serveur (en Go) : 8 GoNombre de processeur et modèle pour serveur : 4Expression du besoin : Bonjour, Pouvez-vous créer cette machine dans le VLAN: DMZ_Privee VLAN 922. la machine va remplacer RMM08409, elle doit être dans le même VLAN. Cordialement, Imen Besoin en supervision : OuiBesoin en sauvegarde : OuiDescription de ce qui doit être sauvegardé : sauvegarde machineNature du serveur : PRODContact technique : HAMMOUDA, Imen - G361243Besoin réseau : Accès uniquement par SagemcomDate de mise en œuvre souhaitée : 22/05/2026Besoin d'une seconde sauvegarde sur un site distinct de Bois-Colombes : NonMatrice de flux : 95153Titre : VM MIGRATION COORD REGAZ PRODResponsable applicatif : TALMOUDI, Abdelkader - G603655Contact mainteneur : MKADDEM, Oussama - G701089Besoin certificat HTTPS : NonBesoin d'un alias DNS (à créer ou modifier) : NonNetmask : 255.255.255.248VLAN : 3006Gateway : 10.81.128.49IP serveur : 10.81.128.54Action : CréationHébergement du serveur : Central (BLB)Nouveau VLAN : NonService/CI associé au serveur : COORDINATEUR_1G_REGAZ_GEGBesoin d'envoyer des mails via nos passerelles SMTP : OuiModèle : VMware Virtual PlatformDescription serveur : Coordinateur PROD 1G REGAZ | N25: G_IT_SC_ASKIT | O25: G_IT_SC_ASKIT | P25: G_IT_SC_ASKIT | Q25: ABBAR, Ahcene | R25: G_IT_SC_ASKIT | S25: Terminé | T25: 0 | U25: Clôturé | V25: WF_CMDB_SERV_ASKIT
A26: S260602_019 | B26: HAMMOUDA, Imen | C26: G361243 | D26: BEN ABDALLAH, Mehdi | E26: supports | F26: Tunisie/Megrine | G26: 46175.303 | H26: 46175.449 | I26: ASKit MAJ CMDB | J26: 3 | K26: Nom du serveur : BLB28065Type de serveur : Virtuel (VM)Système d'exploitation du serveur : Debian 13Espace disque du serveur (en Go) : 20 GO sous /home + 20 GO sous /varRAM Serveur (en Go) : 4Nombre de processeur et modèle pour serveur : 4Expression du besoin : Bonjour, Pouvez-vous créer cette machine dans le VLAN: DMZ_Privee VLAN 922. la machine va remplacer RMM08184, elle doit être dans le même VLAN. Cordialement, Imen Besoin en supervision : OuiBesoin en sauvegarde : OuiDescription de ce qui doit être sauvegardé : sauvegarde machineNature du serveur : PRODContact technique : HAMMOUDA, Imen - G361243Besoin réseau : Accès uniquement par SagemcomDate de mise en œuvre souhaitée : 15/05/2026Besoin d'une seconde sauvegarde sur un site distinct de Bois-Colombes : NonMatrice de flux : 95119Titre : VM MIGRATION COORD SIBELGA PRODResponsable applicatif : TALMOUDI, Abdelkader - G603655Contact mainteneur : MKADDEM, Oussama - G701089Besoin certificat HTTPS : NonBesoin d'un alias DNS (à créer ou modifier) : NonNetmask : 255.255.255.248VLAN : 3252Gateway : 10.81.130.145IP serveur : 10.81.130.147Action : CréationHébergement du serveur : Central (BLB)Nouveau VLAN : NonService/CI associé au serveur : COORDINATEUR_1G_SIBELGABesoin d'envoyer des mails via nos passerelles SMTP : OuiModèle : VMware Virtual PlatformDescription serveur : Coordinateur PROD 1G SIBELGACréation du serveur : OuiCréation serveur en CI : OuiLien CI service-serveur : OuiNom du serveur : BLB28065Type de serveur : Virtuel (VM)Système d'exploitation du serveur : Debian 13Espace disque du serveur (en Go) : 20 GO sous /home + 20 GO sous /varRAM Serveur (en Go) : 4Nombre de processeur et modèle pour serveur : 4Expression du besoin : Bonjour, Pouvez-vous créer cette machine dans le VLAN: DMZ_Privee VLAN 922. la machine va remplacer RMM08184, elle doit être dans le même VLAN. Cordialement, Imen Besoin en supervision : OuiBesoin en sauvegarde : OuiDescription de ce qui doit être sauvegardé : sauvegarde machineNature du serveur : PRODContact technique : HAMMOUDA, Imen - G361243Besoin réseau : Accès uniquement par SagemcomDate de mise en œuvre souhaitée : 15/05/2026Besoin d'une seconde sauvegarde sur un site distinct de Bois-Colombes : NonMatrice de flux : 95119Titre : VM MIGRATION COORD SIBELGA PRODResponsable applicatif : TALMOUDI, Abdelkader - G603655Contact mainteneur : MKADDEM, Oussama - G701089Besoin certificat HTTPS : NonBesoin d'un alias DNS (à créer ou modifier) : NonNetmask : 255.255.255.248VLAN : 3252Gateway : 10.81.130.145IP serveur : 10.81.130.147Action : CréationHébergement du serveur : Central (BLB)Nouveau VLAN : NonService/CI associé au serveur : COORDINATEUR_1G_SIBELGABesoin d'envoyer des mails via nos passerelles SMTP : OuiModèle : VMware Virtual PlatformDescription serveur : Coordinateur PROD 1G SIBELGA | N26: G_IT_SC_ASKIT | O26: G_IT_SC_ASKIT | P26: G_IT_SC_ASKIT | Q26: ABBAR, Ahcene | R26: G_IT_SC_ASKIT | S26: Terminé | T26: 0 | U26: Clôturé | V26: WF_CMDB_SERV_ASKIT
A27: S260602_020 | B27: HAMMOUDA, Imen | C27: G361243 | D27: BEN ABDALLAH, Mehdi | E27: supports | F27: Tunisie/Megrine | G27: 46175.304 | H27: 46175.449 | I27: ASKit MAJ CMDB | J27: 3 | K27: Nom du serveur : BLB28066Type de serveur : Virtuel (VM)Système d'exploitation du serveur : Debian 13Espace disque du serveur (en Go) : 70 GO sous /home + 200 GO sous /varRAM Serveur (en Go) : 8 GONombre de processeur et modèle pour serveur : 4Expression du besoin : Bonjour, Pouvez-vous créer cette machine dans le VLAN: DMZ_Privee VLAN 922. la machine va remplacer RMM08182, elle doit être dans le même VLAN. Cordialement, Imen. Besoin en supervision : OuiBesoin en sauvegarde : OuiDescription de ce qui doit être sauvegardé : sauvegarde machineNature du serveur : PRODContact technique : HAMMOUDA, Imen - G361243Besoin réseau : Accès uniquement par SagemcomDate de mise en œuvre souhaitée : 15/05/2026Besoin d'une seconde sauvegarde sur un site distinct de Bois-Colombes : NonMatrice de flux : 95117Titre : VM MIGRATION COORD ENEXIS PRODResponsable applicatif : TALMOUDI, Abdelkader - G603655Contact mainteneur : MKADDEM, Oussama - G701089Besoin certificat HTTPS : NonBesoin d'un alias DNS (à créer ou modifier) : NonNetmask : 255.255.255.248VLAN : 3253Gateway : 10.81.130.153IP serveur : 10.81.130.155Action : CréationHébergement du serveur : Central (BLB)Nouveau VLAN : NonService/CI associé au serveur : COORDINATEUR_1G_ENEXISBesoin d'envoyer des mails via nos passerelles SMTP : OuiModèle : VMware Virtual PlatformDescription serveur : Coordinateur PROD 1G ENEXISCréation du serveur : OuiCréation serveur en CI : OuiLien CI service-serveur : OuiNom du serveur : BLB28066Type de serveur : Virtuel (VM)Système d'exploitation du serveur : Debian 13Espace disque du serveur (en Go) : 70 GO sous /home + 200 GO sous /varRAM Serveur (en Go) : 8 GONombre de processeur et modèle pour serveur : 4Expression du besoin : Bonjour, Pouvez-vous créer cette machine dans le VLAN: DMZ_Privee VLAN 922. la machine va remplacer RMM08182, elle doit être dans le même VLAN. Cordialement, Imen. Besoin en supervision : OuiBesoin en sauvegarde : OuiDescription de ce qui doit être sauvegardé : sauvegarde machineNature du serveur : PRODContact technique : HAMMOUDA, Imen - G361243Besoin réseau : Accès uniquement par SagemcomDate de mise en œuvre souhaitée : 15/05/2026Besoin d'une seconde sauvegarde sur un site distinct de Bois-Colombes : NonMatrice de flux : 95117Titre : VM MIGRATION COORD ENEXIS PRODResponsable applicatif : TALMOUDI, Abdelkader - G603655Contact mainteneur : MKADDEM, Oussama - G701089Besoin certificat HTTPS : NonBesoin d'un alias DNS (à créer ou modifier) : NonNetmask : 255.255.255.248VLAN : 3253Gateway : 10.81.130.153IP serveur : 10.81.130.155Action : CréationHébergement du serveur : Central (BLB)Nouveau VLAN : NonService/CI associé au serveur : COORDINATEUR_1G_ENEXISBesoin d'envoyer des mails via nos passerelles SMTP : OuiModèle : VMware Virtual PlatformDescription serveur : Coordinateur PROD 1G ENEXIS | N27: G_IT_SC_ASKIT | O27: G_IT_SC_ASKIT | P27: G_IT_SC_ASKIT | Q27: ABBAR, Ahcene | R27: G_IT_SC_ASKIT | S27: Terminé | T27: 0 | U27: Clôturé | V27: WF_CMDB_SERV_ASKIT
A28: S260602_021 | B28: HAMMOUDA, Imen | C28: G361243 | D28: BEN ABDALLAH, Mehdi | E28: supports | F28: Tunisie/Megrine | G28: 46175.305 | H28: 46175.449 | I28: ASKit MAJ CMDB | J28: 3 | K28: Nom du serveur : BLB29032Type de serveur : Virtuel (VM)Système d'exploitation du serveur : Debian 13Espace disque du serveur (en Go) : 10 GO sous /home & 10 GO sous /varRAM Serveur (en Go) : 4 GONombre de processeur et modèle pour serveur : 'Expression du besoin : Bonjour, Pouvez-vous créer cette machine dans le VLAN: DMZ_Privee VLAN 922. la machine va remplacer RMM08194, elle doit être dans le même VLAN. Cordialement, Imen.Besoin en supervision : OuiBesoin en sauvegarde : OuiDescription de ce qui doit être sauvegardé : sauvegarde machineNature du serveur : VALContact technique : HAMMOUDA, Imen - G361243Besoin réseau : Accès uniquement par SagemcomDate de mise en œuvre souhaitée : 22/05/2026Matrice de flux : 95114Titre : VM MIGRATION COORD TNB VALResponsable applicatif : TALMOUDI, Abdelkader - G603655Contact mainteneur : MKADDEM, Oussama - G701089Besoin certificat HTTPS : NonBesoin d'un alias DNS (à créer ou modifier) : NonNetmask : 255.255.255.248VLAN : 3254Gateway : 10.81.130.161IP serveur : 10.81.130.162Action : CréationHébergement du serveur : Central (BLB)Nouveau VLAN : OuiService/CI associé au serveur : COORDINATEUR_1G_TNBBesoin d'envoyer des mails via nos passerelles SMTP : OuiModèle : VMware Virtual PlatformDescription serveur : Coordinateur VAL 1G VALCréation du serveur : OuiCréation serveur en CI : OuiLien CI service-serveur : OuiNom du serveur : BLB29032Type de serveur : Virtuel (VM)Système d'exploitation du serveur : Debian 13Espace disque du serveur (en Go) : 10 GO sous /home & 10 GO sous /varRAM Serveur (en Go) : 4 GONombre de processeur et modèle pour serveur : 'Expression du besoin : Bonjour, Pouvez-vous créer cette machine dans le VLAN: DMZ_Privee VLAN 922. la machine va remplacer RMM08194, elle doit être dans le même VLAN. Cordialement, Imen.Besoin en supervision : OuiBesoin en sauvegarde : OuiDescription de ce qui doit être sauvegardé : sauvegarde machineNature du serveur : VALContact technique : HAMMOUDA, Imen - G361243Besoin réseau : Accès uniquement par SagemcomDate de mise en œuvre souhaitée : 22/05/2026Matrice de flux : 95114Titre : VM MIGRATION COORD TNB VALResponsable applicatif : TALMOUDI, Abdelkader - G603655Contact mainteneur : MKADDEM, Oussama - G701089Besoin certificat HTTPS : NonBesoin d'un alias DNS (à créer ou modifier) : NonNetmask : 255.255.255.248VLAN : 3254Gateway : 10.81.130.161IP serveur : 10.81.130.162Action : CréationHébergement du serveur : Central (BLB)Nouveau VLAN : OuiService/CI associé au serveur : COORDINATEUR_1G_TNBBesoin d'envoyer des mails via nos passerelles SMTP : OuiModèle : VMware Virtual PlatformDescription serveur : Coordinateur VAL 1G VAL | N28: G_IT_SC_ASKIT | O28: G_IT_SC_ASKIT | P28: G_IT_SC_ASKIT | Q28: ABBAR, Ahcene | R28: G_IT_SC_ASKIT | S28: Terminé | T28: 0 | U28: Clôturé | V28: WF_CMDB_SERV_ASKIT
A29: S260602_022 | B29: BEN MANSOUR, Hakim | C29: G545685 | D29: SAMANDI, Sami | E29: AVS | F29: Tunisie/Megrine | G29: 46175.306 | H29: 46175.448 | I29: ASKit MAJ CMDB | J29: 3 | K29: Expression du besoin : Mise hors service temporaire du serveur (arrêt technique), avec retrait temporaire de l’Active Directory, dans un objectif d’optimisation des ressources et de réutilisation ultérieure planifiée.Titre : Décommissionnement temporaire du serveurNom du serveur : sstflux14.ads.local : 10.206.213.14Action : DécommissionnementDate d'arrêt : 09/03/2026Besoin d'une sauvegarde : NonServeur non trouvé dans la liste ci-dessus : 1 | N29: G_IT_SC_ASKIT | O29: G_IT_SC_ASKIT | P29: G_IT_SC_ASKIT | Q29: ABBAR, Ahcene | R29: G_IT_SC_ASKIT | S29: Terminé | T29: 0 | U29: Clôturé | V29: WF_CMDB_SERV_ASKIT
A30: S260602_023 | B30: BEN MANSOUR, Hakim | C30: G545685 | D30: SAMANDI, Sami | E30: AVS | F30: Tunisie/Megrine | G30: 46175.307 | H30: 46175.447 | I30: ASKit MAJ CMDB | J30: 3 | K30: Expression du besoin : Mise hors service temporaire du serveur (arrêt technique), avec retrait temporaire de l’Active Directory, dans un objectif d’optimisation des ressources et de réutilisation ultérieure planifiée.Titre : Décommissionnement temporaire du serveurNom du serveur : sstflux33.ads.local : 10.206.213.33Action : DécommissionnementDate d'arrêt : 09/03/2026Besoin d'une sauvegarde : NonServeur non trouvé dans la liste ci-dessus : 1 | N30: G_IT_SC_ASKIT | O30: G_IT_SC_ASKIT | P30: G_IT_SC_ASKIT | Q30: ABBAR, Ahcene | R30: G_IT_SC_ASKIT | S30: Terminé | T30: 0 | U30: Clôturé | V30: WF_CMDB_SERV_ASKIT
A31: S260602_024 | B31: BEN MANSOUR, Hakim | C31: G545685 | D31: SAMANDI, Sami | E31: AVS | F31: Tunisie/Megrine | G31: 46175.308 | H31: 46175.447 | I31: ASKit MAJ CMDB | J31: 3 | K31: Expression du besoin : Mise hors service temporaire du serveur (arrêt technique), avec retrait temporaire de l’Active Directory, dans un objectif d’optimisation des ressources et de réutilisation ultérieure planifiée.Titre : Décommissionnement temporaire du serveurNom du serveur : srv-pbt02.ads.local 10.206.213.35Action : DécommissionnementDate d'arrêt : 09/03/2026Besoin d'une sauvegarde : NonServeur non trouvé dans la liste ci-dessus : 1 | N31: G_IT_SC_ASKIT | O31: G_IT_SC_ASKIT | P31: G_IT_SC_ASKIT | Q31: ABBAR, Ahcene | R31: G_IT_SC_ASKIT | S31: Terminé | T31: 0 | U31: Clôturé | V31: WF_CMDB_SERV_ASKIT
... A33: S260602_026 | B33: BEN MANSOUR, Hakim | C33: G545685 | D33: SAMANDI, Sami | E33: AVS | F33: Tunisie/Megrine | G33: 46175.31 | H33: 46175.447 | I33: ASKit MAJ CMDB | J33: 3 | K33: Expression du besoin : Mise hors service temporaire du serveur (arrêt technique), avec retrait temporaire de l’Active Directory, dans un objectif d’optimisation des ressources et de réutilisation ultérieure planifiée.Titre : Décommissionnement temporaire du serveurNom du serveur : sst-flux21.ads.local : 10.206.213.21Action : DécommissionnementDate d'arrêt : 09/03/2026Besoin d'une sauvegarde : NonServeur non trouvé dans la liste ci-dessus : 1 | N33: G_IT_SC_ASKIT | O33: G_IT_SC_ASKIT | P33: G_IT_SC_ASKIT | Q33: ABBAR, Ahcene | R33: G_IT_SC_ASKIT | S33: Terminé | T33: 0 | U33: Clôturé | V33: WF_CMDB_SERV_ASKIT
A34: S260602_096 | B34: KCHAYEH, Mourad | C34: G701445 | D34: SAMANDI, Sami | E34: AVS | F34: Tunisie/Megrine | G34: 46175.421 | H34: 46184.4 | I34: Souris | J34: 3 | K34: 1 x Souris : 0 EUR1 x Souris filaire : 9.43 EURCentre de coût : S250201 | L34: Accepter Pour accepter la demande, cliquez simplement sur le bouton d'envoi de ce mail. Ne modifiez pas le texte ci dessous @OPERATION@='SOLVE' @RFC_NUMBER@='S260602_096' @CHOICE@='1' bonjoursouris est disponiblecordialement | N34: G_IT_DESKTOP_SST | P34: G_IT_DESKTOP_SST | Q34: BOUFAHJA, Kamel | R34: G_IT_DESKTOP_SST | S34: Terminé | T34: 3.0423611 | U34: Clôturé | V34: WF_REQ_GENERIC_V6.1
A35: S260602_120 | B35: BEN ABBES, Mohamed Ali | C35: G702003 | D35: MAROUFI, Walid | E35: E&T | F35: Tunisie/Sousse | G35: 46175.444 | H35: 46182.418 | I35: Gestion des flux | J35: 3 | K35: 1 x Gestion des flux : 0 EURTitre : ingenieur devAction demandée : CréationProjet/Application : water meterService/CI associé au serveur : BLB_INFRA_SERVERSSite destination : BLB (France/Bois Colombes)Adresses IP sources : g702003Adresses IP destination : https://nexus-produits.rmm.scom/Port destination : 443Date de début de la mission : 02/06/2026 | N35: G_IT_NETWORK_BLB | P35: G_IT_SECURITY | Q35: OGRYZEK, Damien | R35: G_IT_NETWORK_BLB | S35: Terminé | T35: 2.1618056 | U35: Clôturé | V35: WF_REQ_GENERIC_V6.1
A36: S260602_131 | B36: STAMBOULI, Mohamed Fawzi | C36: G801097 | D36: MAROUFI, Walid | E36: E&T | F36: Tunisie/Sousse | G36: 46175.463 | H36: 46181.664 | I36: PC Desktop | J36: 3 | K36: 1 x PC Desktop : 0 USD1 x Desktop Dev. : 588 USD1 x Aucun écran : USDType : Intégré au domaine SagemcomConfiguration : Configuration développementOS : WindowsClavier : AZERTYCentre de coût : S250300Email de validation de son DIR pôle à joindre : RE Demande dextension de RAM.msg | L36: Bonjour ,Demande traitéCordialement. | N36: G_IT_DESKTOP_SST | P36: G_IT_DESKTOP_KRM | Q36: MFARREJ, Yosri | R36: G_IT_DESKTOP_SST | S36: Terminé | T36: 1.2625 | U36: Clôturé | V36: WF_REQ_GENERIC_V6.1
A37: S260602_133 | B37: HERMI, Yassine | C37: G801098 | D37: MAROUFI, Walid | E37: E&T | F37: Tunisie/Sousse | G37: 46175.465 | H37: 46181.664 | I37: PC Desktop | J37: 3 | K37: 1 x PC Desktop : 0 USD1 x Desktop Dev. : 588 USD1 x Aucun écran : USDType : Intégré au domaine SagemcomConfiguration : Configuration développementOS : WindowsClavier : AZERTYCentre de coût : S250300Email de validation de son DIR pôle à joindre : RE Demande dextension de RAM.msg | L37: Bonjour ,Demande traitéCordialement. | N37: G_IT_DESKTOP_SST | P37: G_IT_DESKTOP_KRM | Q37: MFARREJ, Yosri | R37: G_IT_DESKTOP_SST | S37: Terminé | T37: 1.2597222 | U37: Clôturé | V37: WF_REQ_GENERIC_V6.1
A38: S260602_193 | B38: THABTI, Thamer | C38: G701076 | D38: MAROUFI, Walid | E38: E&T | F38: Tunisie/Kram | G38: 46175.613 | H38: 46204.518 | I38: Demande d'accès bureautique | J38: 3 | K38: 1 x Demande d'accès bureautique : 0 EURAction : AjoutNom du PC : P1312188Type d'accès : Accès imprimante (Réseau)Justification de la demande : Bonjour,je vous prie de bien vouloir m'accorder le droit d'accès à l'imprimante située à la mezzanine du site de Kram. Merci d'avance.Cordialement,Thamer. | L38: ​Bonjour ,Demande traitée Cdt, | N38: G_IT_DESKTOP_KRM | P38: G_IT_DESKTOP_KRM | Q38: DRIDI, Rimeh | R38: G_IT_DESKTOP_KRM | S38: Terminé | T38: 9.0923611 | U38: Clôturé | V38: WF_REQ_GENERIC_V6.1
A39: S260602_217 | B39: THELJAOUI, Mohamed | C39: G361247 | D39: BEN ABDALLAH, Mehdi | E39: supports | F39: Tunisie/Megrine | G39: 46175.656 | H39: 46176.54 | I39: Gestion des flux | J39: 2 | K39: 1 x Gestion des flux : 0 EURTitre : Flux vers port 5432Action demandée : CréationProjet/Application : activiti PRODSite destination : BLB (France/Bois Colombes)Adresses IP sources : SST-Dsi-AppliMetierAdresses IP destination : 10.81.129.170Port destination : 5432Date de début de la mission : 02/06/2026 | L39: Flux déjà ouvert. | N39: G_IT_NETWORK_BLB | P39: G_IT_SECURITY | Q39: AHMANE, Hassan | R39: G_IT_NETWORK_BLB | S39: Terminé | T39: 0.32083333 | U39: Clôturé | V39: WF_REQ_GENERIC_V6.1
A40: S260602_218 | B40: SEDDIKI, Marwa | C40: G573268 | D40: MASMOUDI, Oussema | E40: BBS | F40: Tunisie/Megrine | G40: 46175.658 | H40: 46176.422 | I40: Accès PMAD | J40: 2 | K40: 1 x Accès PMAD : 0 EURType de PMAD : Cygnus : Bastion administration vers les équipements hors Sagemcom (réseaux de test, cloud, partenaire ...) | L40: Accès cygnus créé vers la serveur ovh99003 | N40: G_IT_INFRA_BLB | P40: G_IT_INFRA_BLB | Q40: MELENOTTE, Philippe | R40: G_IT_INFRA_BLB | S40: Terminé | T40: 0.20138889 | U40: Clôturé | V40: WF_REQ_GENERIC_V6.1
A41: S260602_241 | B41: KHELIL, Yasmine | C41: G573492 | D41: MAROUFI, Walid | E41: E&T | F41: Tunisie/Kram | G41: 46175.69 | I41: Mémoire | J41: 3 | K41: 1 x Mémoire : 60 EURAjout de : 16 GoType d'UC : PortableN° étiquette du PC (ou modèle) : P1312461Centre de coût : S250300 | L41: @équipe IT : veuillez réaliser les diagnostics nécessaires à contacter MCHITA Karim en cas de besoin matériels | N41: G_IT_DESKTOP_KRM | O41: G_IT_DESKTOP_KRM | R41: G_IT_DESKTOP_KRM | S41: En attente | T41: 0 | U41: Suspendu | V41: WF_REQ_GENERIC_V6.1
A42: S260603_074 | B42: SAHLI, Mohamed Adem | C42: G800119 | D42: MAROUFI, Walid | E42: E&T | F42: Tunisie/Sousse | G42: 46176.428 | H42: 46183.528 | I42: PC accessoires | J42: 3 | K42: 1 x PC accessoires : 0 EUR1 x Clavier : 10 USDN° étiquette du PC (ou modèle) : P1313246Autres accessoires : NonCentre de coût : S250300 | L42: Accepter Pour accepter la demande, cliquez simplement sur le bouton d'envoi de ce mail. Ne modifiez pas le texte ci dessous @OPERATION@='SOLVE' @RFC_NUMBER@='S260603_074' @CHOICE@='1' Bonjour,Demande traitéCordialement. | N42: G_IT_DESKTOP_SST | P42: G_IT_DESKTOP_QSO | Q42: MFARREJ, Yosri | R42: G_IT_DESKTOP_SST | S42: Terminé | T42: 2.2875 | U42: Clôturé | V42: WF_REQ_GENERIC_V6.1
A43: S260603_079 | B43: HAMMOUDA, Imen | C43: G361243 | D43: BEN ABDALLAH, Mehdi | E43: supports | F43: Tunisie/Megrine | G43: 46176.433 | H43: 46176.543 | I43: ASKit MAJ CMDB | J43: 3 | K43: Nom du serveur : BLB28060Type de serveur : Virtuel (VM)Système d'exploitation du serveur : Debian 13Espace disque du serveur (en Go) : 500 GO sous /home + 500 GO sous /varRAM Serveur (en Go) : 16Nombre de processeur et modèle pour serveur : 4Expression du besoin : Bonjour, Pouvez-vous créer cette machine dans le VLAN: DMZ_Privee VLAN 922. la machine va remplacer RMM08125, elle doit être dans le même VLAN. Cordialement, Imen Besoin en supervision : OuiBesoin en sauvegarde : OuiDescription de ce qui doit être sauvegardé : Sauvegarde machineNature du serveur : PRODContact technique : HAMMOUDA, Imen - G361243Besoin réseau : Accès uniquement par SagemcomDate de mise en œuvre souhaitée : 19/09/2026Besoin d'une seconde sauvegarde sur un site distinct de Bois-Colombes : NonMatrice de flux : 95166Titre : VM MIGRATION COORD LINKY PRODResponsable applicatif : TALMOUDI, Abdelkader - G603655Contact mainteneur : MKADDEM, Oussama - G701089Besoin certificat HTTPS : NonBesoin d'un alias DNS (à créer ou modifier) : NonNetmask : 255.255.255.248VLAN : 3258Gateway : 10.81.130.193IP serveur : 10.81.130.195Action : CréationHébergement du serveur : Central (BLB)Nouveau VLAN : NonService/CI associé au serveur : COORDINATEUR_1G_LINKYBesoin d'envoyer des mails via nos passerelles SMTP : OuiModèle : VMware Virtual PlatformDescription serveur : Coordinateur PROD 1G LINKYCréation du serveur : OuiCréation serveur en CI : OuiLien CI service-serveur : OuiNom du serveur : BLB28060Type de serveur : Virtuel (VM)Système d'exploitation du serveur : Debian 13Espace disque du serveur (en Go) : 500 GO sous /home + 500 GO sous /varRAM Serveur (en Go) : 16Nombre de processeur et modèle pour serveur : 4Expression du besoin : Bonjour, Pouvez-vous créer cette machine dans le VLAN: DMZ_Privee VLAN 922. la machine va remplacer RMM08125, elle doit être dans le même VLAN. Cordialement, Imen Besoin en supervision : OuiBesoin en sauvegarde : OuiDescription de ce qui doit être sauvegardé : Sauvegarde machineNature du serveur : PRODContact technique : HAMMOUDA, Imen - G361243Besoin réseau : Accès uniquement par SagemcomDate de mise en œuvre souhaitée : 19/09/2026Besoin d'une seconde sauvegarde sur un site distinct de Bois-Colombes : NonMatrice de flux : 95166Titre : VM MIGRATION COORD LINKY PRODResponsable applicatif : TALMOUDI, Abdelkader - G603655Contact mainteneur : MKADDEM, Oussama - G701089Besoin certificat HTTPS : NonBesoin d'un alias DNS (à créer ou modifier) : NonNetmask : 255.255.255.248VLAN : 3258Gateway : 10.81.130.193IP serveur : 10.81.130.195Action : CréationHébergement du serveur : Central (BLB)Nouveau VLAN : NonService/CI associé au serveur : COORDINATEUR_1G_LINKYBesoin d'envoyer des mails via nos passerelles SMTP : OuiModèle : VMware Virtual PlatformDescription serveur : Coordinateur PROD 1G LINKY | N43: G_IT_SC_ASKIT | O43: G_IT_SC_ASKIT | P43: G_IT_SC_ASKIT | Q43: ABBAR, Ahcene | R43: G_IT_SC_ASKIT | S43: Terminé | T43: 0 | U43: Clôturé | V43: WF_CMDB_SERV_ASKIT
A44: S260603_080 | B44: HAMMOUDA, Imen | C44: G361243 | D44: BEN ABDALLAH, Mehdi | E44: supports | F44: Tunisie/Megrine | G44: 46176.434 | H44: 46176.543 | I44: ASKit MAJ CMDB | J44: 3 | K44: Nom du serveur : BLB29036Type de serveur : Virtuel (VM)Système d'exploitation du serveur : Debian 13Espace disque du serveur (en Go) : 20 GO sous /home + 60 GO sous /varRAM Serveur (en Go) : 8Nombre de processeur et modèle pour serveur : 4Expression du besoin : Bonjour, Pouvez-vous créer cette machine dans le VLAN: DMZ_Privee VLAN 922. la machine va remplacer RMM08124, elle doit être dans le même VLAN. Cordialement, Imen Besoin en supervision : OuiBesoin en sauvegarde : OuiDescription de ce qui doit être sauvegardé : Sauvegarde machineNature du serveur : VALContact technique : HAMMOUDA, Imen - G361243Besoin réseau : Accès uniquement par SagemcomDate de mise en œuvre souhaitée : 05/09/2026Matrice de flux : 95165Titre : VM MIGRATION COORD LINKY VALResponsable applicatif : TALMOUDI, Abdelkader - G603655Contact mainteneur : MKADDEM, Oussama - G701089Besoin certificat HTTPS : NonBesoin d'un alias DNS (à créer ou modifier) : NonNetmask : 255.255.255.248VLAN : 3258Gateway : 10.81.130.193IP serveur : 10.81.130.194Action : CréationHébergement du serveur : Central (BLB)Nouveau VLAN : OuiService/CI associé au serveur : COORDINATEUR_1G_LINKYBesoin d'envoyer des mails via nos passerelles SMTP : OuiModèle : VMware Virtual PlatformDescription serveur : Coordinateur VAL 1G LINKYCréation du serveur : OuiCréation serveur en CI : OuiLien CI service-serveur : OuiNom du serveur : BLB29036Type de serveur : Virtuel (VM)Système d'exploitation du serveur : Debian 13Espace disque du serveur (en Go) : 20 GO sous /home + 60 GO sous /varRAM Serveur (en Go) : 8Nombre de processeur et modèle pour serveur : 4Expression du besoin : Bonjour, Pouvez-vous créer cette machine dans le VLAN: DMZ_Privee VLAN 922. la machine va remplacer RMM08124, elle doit être dans le même VLAN. Cordialement, Imen Besoin en supervision : OuiBesoin en sauvegarde : OuiDescription de ce qui doit être sauvegardé : Sauvegarde machineNature du serveur : VALContact technique : HAMMOUDA, Imen - G361243Besoin réseau : Accès uniquement par SagemcomDate de mise en œuvre souhaitée : 05/09/2026Matrice de flux : 95165Titre : VM MIGRATION COORD LINKY VALResponsable applicatif : TALMOUDI, Abdelkader - G603655Contact mainteneur : MKADDEM, Oussama - G701089Besoin certificat HTTPS : NonBesoin d'un alias DNS (à créer ou modifier) : NonNetmask : 255.255.255.248VLAN : 3258Gateway : 10.81.130.193IP serveur : 10.81.130.194Action : CréationHébergement du serveur : Central (BLB)Nouveau VLAN : OuiService/CI associé au serveur : COORDINATEUR_1G_LINKYBesoin d'envoyer des mails via nos passerelles SMTP : OuiModèle : VMware Virtual PlatformDescription serveur : Coordinateur VAL 1G LINKY | N44: G_IT_SC_ASKIT | O44: G_IT_SC_ASKIT | P44: G_IT_SC_ASKIT | Q44: ABBAR, Ahcene | R44: G_IT_SC_ASKIT | S44: Terminé | T44: 0 | U44: Clôturé | V44: WF_CMDB_SERV_ASKIT
A45: S260603_081 | B45: HAMMOUDA, Imen | C45: G361243 | D45: BEN ABDALLAH, Mehdi | E45: supports | F45: Tunisie/Megrine | G45: 46176.434 | H45: 46176.543 | I45: ASKit MAJ CMDB | J45: 3 | K45: Nom du serveur : BLB29040Type de serveur : Virtuel (VM)Système d'exploitation du serveur : Debian 13Espace disque du serveur (en Go) : 10 GO sous /home + 10 GO sous /varRAM Serveur (en Go) : 4 GONombre de processeur et modèle pour serveur : 4Expression du besoin : Bonjour, Pouvez-vous créer cette machine dans le VLAN: DMZ_Privee VLAN 922. la machine va remplacer RMM08408, elle doit être dans le même VLAN. Cordialement, Imen Besoin en supervision : OuiBesoin en sauvegarde : OuiDescription de ce qui doit être sauvegardé : sauvegarde machineNature du serveur : VALContact technique : HAMMOUDA, Imen - G361243Besoin réseau : Accès uniquement par SagemcomDate de mise en œuvre souhaitée : 22/05/2026Matrice de flux : 95152Titre : VM MIGRATION COORD REGAZ VALResponsable applicatif : TALMOUDI, Abdelkader - G603655Contact mainteneur : MKADDEM, Oussama - G701089Besoin certificat HTTPS : NonBesoin d'un alias DNS (à créer ou modifier) : NonNetmask : 255.255.255.248VLAN : 3006Gateway : 10.81.129.49IP serveur : 10.81.128.53Action : CréationHébergement du serveur : Central (BLB)Nouveau VLAN : NonService/CI associé au serveur : COORDINATEUR_1G_REGAZ_GEGBesoin d'envoyer des mails via nos passerelles SMTP : OuiModèle : VMware Virtual PlatformDescription serveur : Coordinateur VAL 1G REGAZCréation du serveur : OuiCréation serveur en CI : OuiLien CI service-serveur : OuiNom du serveur : BLB29040Type de serveur : Virtuel (VM)Système d'exploitation du serveur : Debian 13Espace disque du serveur (en Go) : 10 GO sous /home + 10 GO sous /varRAM Serveur (en Go) : 4 GONombre de processeur et modèle pour serveur : 4Expression du besoin : Bonjour, Pouvez-vous créer cette machine dans le VLAN: DMZ_Privee VLAN 922. la machine va remplacer RMM08408, elle doit être dans le même VLAN. Cordialement, Imen Besoin en supervision : OuiBesoin en sauvegarde : OuiDescription de ce qui doit être sauvegardé : sauvegarde machineNature du serveur : VALContact technique : HAMMOUDA, Imen - G361243Besoin réseau : Accès uniquement par SagemcomDate de mise en œuvre souhaitée : 22/05/2026Matrice de flux : 95152Titre : VM MIGRATION COORD REGAZ VALResponsable applicatif : TALMOUDI, Abdelkader - G603655Contact mainteneur : MKADDEM, Oussama - G701089Besoin certificat HTTPS : NonBesoin d'un alias DNS (à créer ou modifier) : NonNetmask : 255.255.255.248VLAN : 3006Gateway : 10.81.129.49IP serveur : 10.81.128.53Action : CréationHébergement du serveur : Central (BLB)Nouveau VLAN : NonService/CI associé au serveur : COORDINATEUR_1G_REGAZ_GEGBesoin d'envoyer des mails via nos passerelles SMTP : OuiModèle : VMware Virtual PlatformDescription serveur : Coordinateur VAL 1G REGAZ | N45: G_IT_SC_ASKIT | O45: G_IT_SC_ASKIT | P45: G_IT_SC_ASKIT | Q45: ABBAR, Ahcene | R45: G_IT_SC_ASKIT | S45: Terminé | T45: 0 | U45: Clôturé | V45: WF_CMDB_SERV_ASKIT
A46: S260603_085 | B46: HAMMOUDA, Imen | C46: G361243 | D46: BEN ABDALLAH, Mehdi | E46: supports | F46: Tunisie/Megrine | G46: 46176.437 | H46: 46176.543 | I46: ASKit MAJ CMDB | J46: 3 | K46: Nom du serveur : BLB29031Type de serveur : Virtuel (VM)Système d'exploitation du serveur : Debian 13Espace disque du serveur (en Go) : 10 GO sous /home + 10 GO sous /varRAM Serveur (en Go) : 4 GONombre de processeur et modèle pour serveur : 4Expression du besoin : Bonjour, Pouvez-vous créer cette machine dans le VLAN: DMZ_Privee VLAN 922. la machine va remplacer RMM08189, elle doit être dans le même VLAN. Cordialement, Imen.Besoin en supervision : OuiBesoin en sauvegarde : OuiDescription de ce qui doit être sauvegardé : sauvegarde machineNature du serveur : VALContact technique : HAMMOUDA, Imen - G361243Besoin réseau : Accès uniquement par SagemcomDate de mise en œuvre souhaitée : 15/05/2026Matrice de flux : 95116Titre : VM MIGRATION COORD ENEXIS VALResponsable applicatif : TALMOUDI, Abdelkader - G603655Contact mainteneur : MKADDEM, Oussama - G701089Besoin certificat HTTPS : NonBesoin d'un alias DNS (à créer ou modifier) : NonNetmask : 255.255.255.248VLAN : 3253Gateway : 10.81.130.153IP serveur : 10.81.130.154Action : CréationHébergement du serveur : Central (BLB)Nouveau VLAN : OuiService/CI associé au serveur : COORDINATEUR_1G_ENEXISBesoin d'envoyer des mails via nos passerelles SMTP : OuiModèle : VMware Virtual PlatformDescription serveur : coordinateur VAL 1G ENEXISCréation du serveur : OuiCréation serveur en CI : OuiLien CI service-serveur : OuiNom du serveur : BLB29031Type de serveur : Virtuel (VM)Système d'exploitation du serveur : Debian 13Espace disque du serveur (en Go) : 10 GO sous /home + 10 GO sous /varRAM Serveur (en Go) : 4 GONombre de processeur et modèle pour serveur : 4Expression du besoin : Bonjour, Pouvez-vous créer cette machine dans le VLAN: DMZ_Privee VLAN 922. la machine va remplacer RMM08189, elle doit être dans le même VLAN. Cordialement, Imen.Besoin en supervision : OuiBesoin en sauvegarde : OuiDescription de ce qui doit être sauvegardé : sauvegarde machineNature du serveur : VALContact technique : HAMMOUDA, Imen - G361243Besoin réseau : Accès uniquement par SagemcomDate de mise en œuvre souhaitée : 15/05/2026Matrice de flux : 95116Titre : VM MIGRATION COORD ENEXIS VALResponsable applicatif : TALMOUDI, Abdelkader - G603655Contact mainteneur : MKADDEM, Oussama - G701089Besoin certificat HTTPS : NonBesoin d'un alias DNS (à créer ou modifier) : NonNetmask : 255.255.255.248VLAN : 3253Gateway : 10.81.130.153IP serveur : 10.81.130.154Action : CréationHébergement du serveur : Central (BLB)Nouveau VLAN : OuiService/CI associé au serveur : COORDINATEUR_1G_ENEXISBesoin d'envoyer des mails via nos passerelles SMTP : OuiModèle : VMware Virtual PlatformDescription serveur : coordinateur VAL 1G ENEXIS | N46: G_IT_SC_ASKIT | O46: G_IT_SC_ASKIT | P46: G_IT_SC_ASKIT | Q46: ABBAR, Ahcene | R46: G_IT_SC_ASKIT | S46: Terminé | T46: 0 | U46: Clôturé | V46: WF_CMDB_SERV_ASKIT
A47: S260603_092 | B47: AMRI, Slim | C47: G700355 | D47: MASMOUDI, Oussema | E47: BBS | F47: Tunisie/Megrine | G47: 46176.44 | H47: 46182.525 | I47: Accès Distant Sagemcom | J47: 2 | K47: 1 x Accès Distant Sagemcom : 0 EURChoix de l'OS : Linux | L47: Accepter Pour accepter la demande, cliquez simplement sur le bouton d'envoi de ce mail. Ne modifiez pas le texte ci dessous @OPERATION@='SOLVE' @RFC_NUMBER@='S260603_092' @CHOICE@='1' Rachid BRAHMI Administrateur Réseaux, Direction des Systèmes d’Information Adresse postale : 4 Allée des Messageries, 92270 Bois-Colombes Adresse de livraison : Sagemcom chez ExcelCourses, 50 rue Ardoin – Bat B / lot 552, 93400 Saint-Ouen-sur-Seine Tél. : +33 (0)1 57 61 17 29 | Mobile : +33 (0)6 07 56 42 39 Suivez-nous : | N47: G_IT_NETWORK_ADSL | P47: G_IT_NETWORK_PEGASE | Q47: BRAHMI, Rachid | R47: G_IT_NETWORK_ADSL | S47: Terminé | T47: 1.8347222 | U47: Clôturé | V47: WF_REQ_GENERIC_V6.1
A48: S260603_102 | B48: IBRAHIM, Mohamed Ali | C48: G700961 | D48: SAMANDI, Sami | E48: AVS | F48: Tunisie/Megrine | G48: 46176.451 | H48: 46176.595 | I48: Installation réseau ou téléphone fixe | J48: 2 | K48: 1 x Installation réseau ou téléphone fixe : 0 EURDemande Réseau ou Téléphonie : RéseauBesoin extention cablage reseau : AutreAutre : AVS1désignation : Bonjour, Notre réseau Sagemcom dans le plateau A1 (position O22) n'est plus fonctionnel. Besoin de le rétablir. Merci. | L48: Bonjour Demande traité cdt | N48: G_IT_NETWORK_KRM | P48: G_IT_NETWORK_SST | Q48: GHAZOUANI, Hachem | R48: G_IT_NETWORK_KRM | S48: Terminé | T48: 0.14444444 | U48: Clôturé | V48: WF_REQ_GENERIC_V6.1
A49: S260603_104 | B49: ABDALLAH, Yessine | C49: G573497 | D49: SAMANDI, Sami | E49: AVS | F49: Tunisie/Megrine | G49: 46176.452 | H49: 46184.715 | I49: PC accessoires | J49: 3 | K49: 1 x PC accessoires : 0 EUR1 x Clavier : 10 USDN° étiquette du PC (ou modèle) : Dell Optiplex 3080 (P1311121 - 6KLVSC3)Autres accessoires : NonCentre de coût : S250201 | L49: ancien clavier HS demande traitée | N49: G_IT_DESKTOP_KRM | P49: G_IT_DESKTOP_SST | Q49: CHIHAOUI, Aymen | R49: G_IT_DESKTOP_KRM | S49: Terminé | T49: 2.8875 | U49: Clôturé | V49: WF_REQ_GENERIC_V6.1
A50: S260603_114 | B50: BETTAIEB, Siwar | C50: G701049 | D50: MAROUFI, Walid | E50: E&T | F50: Tunisie/Kram | G50: 46176.466 | H50: 46177.371 | I50: Accès à un partage réseau | J50: 2 | K50: 1 x Accès à un partage réseau : 0 EURLien du partage : \\10.206.249.224\SST_AET\VAL_Meters\Package_Python_DevDroits : Lecture/Ecriture | L50: Accepter Pour accepter la demande, cliquez simplement sur le bouton d'envoi de ce mail. Ne modifiez pas le texte ci dessous @OPERATION@='SOLVE' @RFC_NUMBER@='S260603_114' @CHOICE@='1' Done | N50: G_IT_INFRA_KRM | P50: G_IT_INFRA_KRM | Q50: BEN MAHMOUD, Arij | R50: G_IT_INFRA_KRM | S50: Terminé | T50: 0.34236111 | U50: Clôturé | V50: WF_REQ_GENERIC_V6.1
A51: S260603_116 | B51: GHEDIRA, Hanen | C51: G507448 | D51: JANNOT, Christian | E51: supports | F51: Tunisie/Megrine | G51: 46176.469 | H51: 46198.388 | I51: Prêt matériel informatique | J51: 3 | K51: 1 x Prêt matériel informatique : 0 EURFormat : LaptopType : Intégré au domaine SagemcomConfiguration : Configuration développementOS : Socle (Linux domaine sagemcom)Date de début du prêt : 23/06/2026Date de fin de prêt (6 mois maximum) : 23/06/2026Email de validation de son DIR pôle à joindre : Formation GIT_GITLAB.msgComplément d information : Bonjour, Nous vous informons que la formation GIT/GITLAB se tiendra le 23 juin à la salle Campus MegrinePour le bon déroulement de cette session nous aurions besoin de : - 8 Laptops socle / linux - Flybox ooredoo Ci-dessous la liste des participants Matricule / ID Nom du stagiaire / Trainee last name Prénom du stagiaire / Trainee first name Matricule manager / Manager ID Nom et prénom du manager du bénéficiaire Niveau organisationnel / Organisational level 361489 FANDOULI Islem 360066 JAZI RIMEL BBS2 700509 FARHANI Mohamed Aziz 360674 ELLOUMI Mohamed BBS1 507942 HADJ TAIEB Wassim 360066 JAZI RIMEL BBS2 573075 HMILA Houssem 360066 JAZI RIMEL BBS2 701126 JEBALI Abir 360619 Marwa TOUAITI BBS2 800536 ROUINI Samy 360674 ELLOUMI Mohamed BBS1 701304 TALEB ALI Mariem 360066 JAZI RIMEL BBS2 801031 MHAMDI Takieddine 360693 Mohamed ABBES BBS1 Cordialement Hanene | L51: a { text-decoration: none; color: #464feb; }tr th, tr td { border: 1px solid #e6e6e6; }tr th { background-color: #f5f5f5; }a { text-decoration: none; color: #464feb; }tr th, tr td { border: 1px solid #e6e6e6; }tr th { background-color: #f5f5f5; }Bonjour,Suite à votre retour, cette formation est reportée.Nous allons clôturer cette demande. Nous vous remercions d’en ouvrir une nouvelle avec la nouvelle date.Cordialement. | N51: G_IT_DESKTOP_SST | P51: G_IT_DESKTOP_SST | Q51: ADOUKA, Mohamed | R51: G_IT_DESKTOP_SST | S51: Terminé | T51: 2.8388889 | U51: Clôturé | V51: WF_REQ_GENERIC_V6.1
A52: S260603_143 | B52: TRABELSI, Fedi | C52: G700534 | D52: MASMOUDI, Oussema | E52: BBS | F52: Tunisie/Megrine | G52: 46176.515 | H52: 46196.484 | I52: PC accessoires | J52: 3 | K52: 1 x PC accessoires : 0 EUR1 x Filtre de confidentialité : 27 USDN° étiquette du PC (ou modèle) : P1311777Autres accessoires : NonCentre de coût : S250200 | L52: @équipe IT : merci de transmettre la référence du filtre de confidentialité ( 15" / 14" ou 13" ) à BOURAOUI Samir afin qu'il puisse lancer une demande d'achat bonjourmerci de contacter votre equipe infra bbs cordialement | N52: G_IT_DESKTOP_KRM | P52: G_IT_DESKTOP_SST | Q52: BOUFAHJA, Kamel | R52: G_IT_DESKTOP_KRM | S52: Terminé | T52: 6.0944444 | U52: Clôturé | V52: WF_REQ_GENERIC_V6.1
A53: S260603_156 | B53: BEN LASSOUED, Farah | C53: G800449 | D53: MAROUFI, Walid | E53: E&T | F53: Tunisie/Sousse | G53: 46176.537 | H53: 46178.69 | I53: Gestion des flux | J53: 2 | K53: 1 x Gestion des flux : 0 EURTitre : Accés au lien du dashboardAction demandée : CréationProjet/Application : Accés au lien du dashboardService/CI associé au serveur : BLB_INFRA_NETWORKSite destination : SST (Tunisie/Megrine)Adresses IP sources : 10.208.131.0 par matriculeAdresses IP destination : 172.30.250.32Port destination : 443 | N53: G_IT_NETWORK_BLB | P53: G_IT_SECURITY | Q53: OGRYZEK, Damien | R53: G_IT_NETWORK_BLB | S53: Terminé | T53: 1.0284722 | U53: Clôturé | V53: WF_REQ_GENERIC_V6.1
A54: S260603_233 | B54: ALOUI, Rihem | C54: G701677 | D54: BEN ABDALLAH, Mehdi | E54: supports | F54: Tunisie/Megrine | G54: 46176.632 | I54: Serveur | J54: 3 | K54: Titre : Nouveau Cluster LDAPS Action : Création Service/CI associé au serveur : BLB_INFRA_SERVERS Description serveur : 1 VM servant 1 HAProxy Hébergement du serveur : Central (BLB) Type de serveur : Virtuel (VM) Nature du serveur : PROD Système d'exploitation du serveur : ETL Espace disque du serveur (en Go) : 50G RAM Serveur (en Go) : 4G Nombre de processeur et modèle pour serveur : 2G Date de mise en œuvre souhaitée : 08/06/2026 Besoin réseau : Accès uniquement par Sagemcom Matrice de flux : 96600 Besoin en supervision : Oui Besoin en sauvegarde : Oui Description de ce qui doit être sauvegardé : /etc Besoin d'une seconde sauvegarde sur un site distinct de Bois-Colombes : Oui Besoin d'un alias DNS (à créer ou modifier) : Non Besoin certificat HTTPS : Non Besoin d'envoyer des mails via nos passerelles SMTP : Non Responsable applicatif : ALOUI, Rihem - G701677 Contact technique : HAJJEM, Ikbel - G361532 Contact mainteneur : FAIDI, Mohamed Hani - G701325 Expression du besoin : Dans le cadre de la mise en place d’un nouveau cluster LDAPS, nous avons besoin d'une machines virtuelles (VM) présentant les mêmes caractéristiques techniques ainsi que la même matrice de flux. Nom du serveur : BLB48179 Modèle : VMware Virtual Platform IP serveur : 10.80.171.191 Netmask : 255.255.255.0 Gateway : 10.80.171.1 Nouveau VLAN : Non VLAN : 2010 | L54: • IP address: 10.80.171.191/24• Description: VM de prod HA Proxy 2• Hostname: BLB48179• Subnet: 10.80.171.0/24 (2010 - SRV_ADMIN_ETL)• Netmask: 255.255.255.0• Gateway: 10.80.171.1• VLAN ID: 2010 (SRV_ADMIN_ETL) A mettre dans les corporates tools RD WW SGC | N54: G_IT_INFRA_BLB | O54: G_R&D_ETL | R54: G_IT_INFRA_BLB | S54: En cours de traitement | T54: 0 | U54: En cours | V54: WF_REQ_IT_SERVER_FOR_APPS_V14
A55: S260603_241 | B55: ALOUI, Rihem | C55: G701677 | D55: BEN ABDALLAH, Mehdi | E55: supports | F55: Tunisie/Megrine | G55: 46176.64 | I55: Serveur | J55: 3 | K55: Titre : Nouveau Cluster LDAPS Action : Création Service/CI associé au serveur : BLB_INFRA_SERVERS Description serveur : 1 VM servant 1 HAProxy Hébergement du serveur : Central (BLB) Type de serveur : Virtuel (VM) Nature du serveur : PROD Système d'exploitation du serveur : ETL Espace disque du serveur (en Go) : 50G RAM Serveur (en Go) : 4G Nombre de processeur et modèle pour serveur : 2G Date de mise en œuvre souhaitée : 08/06/2026 Besoin réseau : Accès uniquement par Sagemcom Matrice de flux : 96601 Besoin en supervision : Oui Besoin en sauvegarde : Oui Description de ce qui doit être sauvegardé : /etc Besoin d'une seconde sauvegarde sur un site distinct de Bois-Colombes : Oui Besoin d'un alias DNS (à créer ou modifier) : Non Besoin certificat HTTPS : Non Besoin d'envoyer des mails via nos passerelles SMTP : Non Responsable applicatif : ALOUI, Rihem - G701677 Contact technique : HAJJEM, Ikbel - G361532 Contact mainteneur : FAIDI, Mohamed Hani - G701325 Expression du besoin : Dans le cadre de la mise en place d’un nouveau cluster LDAPS, nous avons besoin d'une machine virtuelle (VM) présentant les mêmes caractéristiques techniques ainsi que la même matrice de flux. Nom du serveur : BLB48178 Modèle : VMware Virtual Platform IP serveur : 10.80.171.190 Netmask : 255.255.255.0 Gateway : 10.80.171.1 Nouveau VLAN : Non VLAN : 2010 | L55: • IP address: 10.80.171.190/24• Description: VM de prod HA Proxy 1• Hostname: BLB48178• Subnet: 10.80.171.0/24 (2010 - SRV_ADMIN_ETL)• Netmask: 255.255.255.0• Gateway: 10.80.171.1• VLAN ID: 2010 (SRV_ADMIN_ETL) A mettre dans les corporates tools RD WW SGC | N55: G_IT_INFRA_BLB | O55: G_R&D_ETL | R55: G_IT_INFRA_BLB | S55: En cours de traitement | T55: 0 | U55: En cours | V55: WF_REQ_IT_SERVER_FOR_APPS_V14
A56: S260603_244 | B56: ALOUI, Rihem | C56: G701677 | D56: BEN ABDALLAH, Mehdi | E56: supports | F56: Tunisie/Megrine | G56: 46176.643 | I56: Serveur | J56: 3 | K56: Titre : Nouveau Cluster LDAPS Action : Création Service/CI associé au serveur : BLB_INFRA_SERVERS Description serveur : 1 VM servant pour ldaps Hébergement du serveur : Central (BLB) Type de serveur : Virtuel (VM) Nature du serveur : PROD Système d'exploitation du serveur : ETL Espace disque du serveur (en Go) : 50G RAM Serveur (en Go) : 8G Nombre de processeur et modèle pour serveur : 4G Date de mise en œuvre souhaitée : 08/06/2026 Besoin réseau : Accès uniquement par Sagemcom Matrice de flux : 96605 Besoin en supervision : Oui Besoin en sauvegarde : Oui Description de ce qui doit être sauvegardé : /var Besoin d'une seconde sauvegarde sur un site distinct de Bois-Colombes : Oui Besoin d'un alias DNS (à créer ou modifier) : Non Besoin certificat HTTPS : Non Besoin d'envoyer des mails via nos passerelles SMTP : Non Responsable applicatif : ALOUI, Rihem - G701677 Contact technique : HAJJEM, Ikbel - G361532 Contact mainteneur : FAIDI, Mohamed Hani - G701325 Expression du besoin : Dans le cadre de la mise en place d’un nouveau cluster LDAPS, nous avons besoin d'une machines virtuelle (VM), Nous avons besoin d’ouvrir le flux sur les ports LDAP et LDAPS (389 et 636) vers les deux instances HAProxy. Nom du serveur : BLB48183 Modèle : VMware Virtual Platform IP serveur : 10.80.171.195 Netmask : 255.255.255.0 Gateway : 10.80.171.1 Nouveau VLAN : Non VLAN : 2010 | L56: • IP address: 10.80.171.195/24• Description: VM de prod LDAPS 4• Hostname: BLB48183• Subnet: 10.80.171.0/24 (2010 - SRV_ADMIN_ETL)• Netmask: 255.255.255.0• Gateway: 10.80.171.1• VLAN ID: 2010 (SRV_ADMIN_ETL) A mettre dans les corporates tools RD WW SGC | N56: G_IT_INFRA_BLB | O56: G_R&D_ETL | R56: G_IT_INFRA_BLB | S56: En cours de traitement | T56: 0 | U56: En cours | V56: WF_REQ_IT_SERVER_FOR_APPS_V14
A57: S260603_259 | B57: ALOUI, Rihem | C57: G701677 | D57: BEN ABDALLAH, Mehdi | E57: supports | F57: Tunisie/Megrine | G57: 46176.658 | I57: Serveur | J57: 3 | K57: Titre : Nouveau Cluster LDAPS Action : Création Service/CI associé au serveur : BLB_INFRA_SERVERS Description serveur : 1 VM pour ldaps Hébergement du serveur : Central (BLB) Type de serveur : Virtuel (VM) Nature du serveur : PROD Système d'exploitation du serveur : ETL Espace disque du serveur (en Go) : 50G RAM Serveur (en Go) : 8G Nombre de processeur et modèle pour serveur : 4G Date de mise en œuvre souhaitée : 08/06/2026 Besoin réseau : Accès uniquement par Sagemcom Matrice de flux : 96606 Besoin en supervision : Oui Besoin en sauvegarde : Oui Description de ce qui doit être sauvegardé : /var Besoin d'une seconde sauvegarde sur un site distinct de Bois-Colombes : Oui Besoin d'un alias DNS (à créer ou modifier) : Non Besoin certificat HTTPS : Non Besoin d'envoyer des mails via nos passerelles SMTP : Non Responsable applicatif : ALOUI, Rihem - G701677 Contact technique : HAJJEM, Ikbel - G361532 Contact mainteneur : FAIDI, Mohamed Hani - G701325 Expression du besoin : Dans le cadre de la mise en place d’un nouveau cluster LDAPS, nous avons besoin d'une machines virtuelle (VM), Nous avons besoin d’ouvrir le flux sur les ports LDAP et LDAPS (389 et 636) vers les deux instances HAProxy. Nom du serveur : BLB48182 Modèle : VMware Virtual Platform IP serveur : 10.80.171.194 Netmask : 255.255.255.0 Gateway : 10.80.171.1 Nouveau VLAN : Non VLAN : 2010 | L57: • IP address: 10.80.171.194/24• Description: VM de prod LDAPS 3• Hostname: BLB48182• Subnet: 10.80.171.0/24 (2010 - SRV_ADMIN_ETL)• Netmask: 255.255.255.0• Gateway: 10.80.171.1• VLAN ID: 2010 (SRV_ADMIN_ETL) A mettre dans les corporates tools RD WW SGC | N57: G_IT_INFRA_BLB | O57: G_R&D_ETL | R57: G_IT_INFRA_BLB | S57: En cours de traitement | T57: 0 | U57: En cours | V57: WF_REQ_IT_SERVER_FOR_APPS_V14
A58: S260603_260 | B58: ALOUI, Rihem | C58: G701677 | D58: BEN ABDALLAH, Mehdi | E58: supports | F58: Tunisie/Megrine | G58: 46176.661 | I58: Serveur | J58: 3 | K58: Titre : Nouveau Cluster LDAPS Action : Création Service/CI associé au serveur : BLB_INFRA_SERVERS Description serveur : 1 VM pour ldaps Hébergement du serveur : Central (BLB) Type de serveur : Virtuel (VM) Nature du serveur : PROD Système d'exploitation du serveur : ETL Espace disque du serveur (en Go) : 50G RAM Serveur (en Go) : 8G Nombre de processeur et modèle pour serveur : 4G Date de mise en œuvre souhaitée : 08/06/2026 Besoin réseau : Accès uniquement par Sagemcom Matrice de flux : 96609 Besoin en supervision : Oui Besoin en sauvegarde : Oui Description de ce qui doit être sauvegardé : /var Besoin d'une seconde sauvegarde sur un site distinct de Bois-Colombes : Oui Besoin d'un alias DNS (à créer ou modifier) : Non Besoin certificat HTTPS : Non Besoin d'envoyer des mails via nos passerelles SMTP : Non Responsable applicatif : ALOUI, Rihem - G701677 Contact technique : HAJJEM, Ikbel - G361532 Contact mainteneur : FAIDI, Mohamed Hani - G701325 Expression du besoin : Dans le cadre de la mise en place d’un nouveau cluster LDAPS, nous avons besoin d'une machines virtuelle (VM), Nous avons besoin d’ouvrir le flux sur les ports LDAP et LDAPS (389 et 636) vers les deux instances HAProxy. Nom du serveur : BLB48181 Modèle : VMware Virtual Platform IP serveur : 10.80.171.193 Netmask : 255.255.255.0 Gateway : 10.80.171.1 Nouveau VLAN : Non VLAN : 2010 | L58: • IP address: 10.80.171.193/24• Description: VM de prod LDAPS 2• Hostname: BLB48181• Subnet: 10.80.171.0/24 (2010 - SRV_ADMIN_ETL)• Netmask: 255.255.255.0• Gateway: 10.80.171.1• VLAN ID: 2010 (SRV_ADMIN_ETL) A mettre dans les corporates tools RD WW SGC | N58: G_IT_INFRA_BLB | O58: G_R&D_ETL | R58: G_IT_INFRA_BLB | S58: En cours de traitement | T58: 0 | U58: En cours | V58: WF_REQ_IT_SERVER_FOR_APPS_V14
A59: S260603_263 | B59: ALOUI, Rihem | C59: G701677 | D59: BEN ABDALLAH, Mehdi | E59: supports | F59: Tunisie/Megrine | G59: 46176.666 | I59: Serveur | J59: 3 | K59: Titre : Nouveau Cluster LDAPS Action : Création Service/CI associé au serveur : BLB_INFRA_SERVERS Description serveur : 1 VM pour LDAPS Hébergement du serveur : Central (BLB) Type de serveur : Virtuel (VM) Nature du serveur : PROD Système d'exploitation du serveur : ETL Espace disque du serveur (en Go) : 50G RAM Serveur (en Go) : 8G Nombre de processeur et modèle pour serveur : 4G Date de mise en œuvre souhaitée : 08/06/2026 Besoin réseau : Accès uniquement par Sagemcom Matrice de flux : 96611 Besoin en supervision : Oui Besoin en sauvegarde : Oui Description de ce qui doit être sauvegardé : /var Besoin d'une seconde sauvegarde sur un site distinct de Bois-Colombes : Oui Besoin d'un alias DNS (à créer ou modifier) : Non Besoin certificat HTTPS : Non Besoin d'envoyer des mails via nos passerelles SMTP : Non Responsable applicatif : ALOUI, Rihem - G701677 Contact technique : HAJJEM, Ikbel - G361532 Contact mainteneur : FAIDI, Mohamed Hani - G701325 Expression du besoin : Dans le cadre de la mise en place d’un nouveau cluster LDAPS, nous avons besoin d'une machines virtuelle (VM), Nous avons besoin d’ouvrir le flux sur les ports LDAP et LDAPS (389 et 636) vers les deux instances HAProxy. Nom du serveur : BLB48180 Modèle : VMware Virtual Platform IP serveur : 10.80.171.192 Netmask : 255.255.255.0 Gateway : 10.80.171.1 Nouveau VLAN : Non VLAN : 2010 | L59: • IP address: 10.80.171.192/24• Description: VM de PROD LDAPS 1• Hostname: BLB48180• Subnet: 10.80.171.0/24 (2010 - SRV_ADMIN_ETL)• Netmask: 255.255.255.0• Gateway: 10.80.171.1• VLAN ID: 2010 (SRV_ADMIN_ETL) A mettre dans les corporates tools RD WW SGC | N59: G_IT_INFRA_BLB | O59: G_R&D_ETL | R59: G_IT_INFRA_BLB | S59: En cours de traitement | T59: 0 | U59: En cours | V59: WF_REQ_IT_SERVER_FOR_APPS_V14
A60: S260603_274 | B60: EL KANTAOUI, Sélim | C60: G573124 | D60: BEN ABDALLAH, Mehdi | E60: supports | F60: Tunisie/Megrine | G60: 46176.682 | I60: Sauvegarde Commvault Edge Monitor | J60: 3 | K60: 1 x Sauvegarde Commvault Edge Monitor : 0 EUR | N60: G_IT_VAL_SST | O60: G_IT_DESKTOP_SST | R60: G_IT_VAL_SST | S60: En cours de traitement | T60: 0 | U60: En cours | V60: WF_REQ_GENERIC_V6.1
A61: S260604_038 | B61: MKADDEM, Oussama | C61: G701089 | D61: BEN ABDALLAH, Mehdi | E61: supports | F61: Tunisie/Megrine | G61: 46177.382 | H61: 46191.457 | I61: PC accessoires | J61: 3 | K61: 1 x PC accessoires : 0 EUR1 x Câble de sécurité : 13.04 USD1 x PC portable alimentation : 20 USD1 x Sac à dos Laptop : 16.7 EURN° étiquette du PC (ou modèle) : p1312482Autres accessoires : NonCentre de coût : S250205 | L61: Bonjour,Sac a dos est disponible Cdt. | N61: G_IT_DESKTOP_SST | P61: G_IT_DESKTOP_SST | Q61: ADOUKA, Mohamed | R61: G_IT_DESKTOP_SST | S61: Terminé | T61: 4.4513889 | U61: Clôturé | V61: WF_REQ_GENERIC_V6.1
A62: S260604_049 | B62: MFARREJ, Yosri | C62: G801030 | D62: BEN ABDALLAH, Mehdi | E62: supports | F62: Tunisie/Sousse | G62: 46177.389 | H62: 46178.688 | I62: Groupes AD | J62: 3 | K62: 1 x Groupes AD : 0 EURAction : AffectationGroupe(s) : SCCM_Groupe_Devices_Comanagement / SCCM_Groupe_Devices_Bitlocker & SCOM_LAPS_Intune | L62: Bonjour,Les groupes ont été ajoutés.Merci de patienter le temps de synchronisation 2-4h.Cordialement, | N62: G_IT_HELP_DESK | P62: G_IT_HELP_DESK | Q62: MAFTEI, Anastasia | R62: G_IT_HELP_DESK | S62: Terminé | T62: 0.75763889 | U62: Clôturé | V62: WF_REQ_GENERIC_V6.1
A63: S260604_091 | B63: HAMMOUDA, Imen | C63: G361243 | D63: BEN ABDALLAH, Mehdi | E63: supports | F63: Tunisie/Megrine | G63: 46177.454 | H63: 46178.378 | I63: ASKit MAJ CMDB | J63: 3 | K63: Nom du serveur : BLB28067Type de serveur : Virtuel (VM)Système d'exploitation du serveur : Debian 13Espace disque du serveur (en Go) : 20 GO sous la partion /home + 80 GO pour la partition /varRAM Serveur (en Go) : 4 GONombre de processeur et modèle pour serveur : 4 GOExpression du besoin : Bonjour, Pouvez-vous créer cette machine dans le VLAN: DMZ_Privee VLAN 922. la machine va remplacer RMM08195, elle doit être dans le même VLAN. Cordialement, Imen.Besoin en supervision : OuiBesoin en sauvegarde : OuiDescription de ce qui doit être sauvegardé : sauvegarde machineNature du serveur : PRODContact technique : HAMMOUDA, Imen - G361243Besoin réseau : Accès uniquement par SagemcomDate de mise en œuvre souhaitée : 22/05/2026Besoin d'une seconde sauvegarde sur un site distinct de Bois-Colombes : NonMatrice de flux : 95115Titre : VM MIGRATION COORD TNB PRODResponsable applicatif : TALMOUDI, Abdelkader - G603655Contact mainteneur : MKADDEM, Oussama - G701089Besoin certificat HTTPS : NonBesoin d'un alias DNS (à créer ou modifier) : NonNetmask : 255.255.255.248VLAN : 3254Gateway : 10.81.130.161IP serveur : 10.81.130.163Action : CréationHébergement du serveur : Central (BLB)Nouveau VLAN : NonService/CI associé au serveur : COORDINATEUR_1G_TNBBesoin d'envoyer des mails via nos passerelles SMTP : OuiModèle : VMware Virtual PlatformDescription serveur : coordinateur PROD 1G TNBCréation du serveur : OuiCréation serveur en CI : OuiLien CI service-serveur : OuiNom du serveur : BLB28067Type de serveur : Virtuel (VM)Système d'exploitation du serveur : Debian 13Espace disque du serveur (en Go) : 20 GO sous la partion /home + 80 GO pour la partition /varRAM Serveur (en Go) : 4 GONombre de processeur et modèle pour serveur : 4 GOExpression du besoin : Bonjour, Pouvez-vous créer cette machine dans le VLAN: DMZ_Privee VLAN 922. la machine va remplacer RMM08195, elle doit être dans le même VLAN. Cordialement, Imen.Besoin en supervision : OuiBesoin en sauvegarde : OuiDescription de ce qui doit être sauvegardé : sauvegarde machineNature du serveur : PRODContact technique : HAMMOUDA, Imen - G361243Besoin réseau : Accès uniquement par SagemcomDate de mise en œuvre souhaitée : 22/05/2026Besoin d'une seconde sauvegarde sur un site distinct de Bois-Colombes : NonMatrice de flux : 95115Titre : VM MIGRATION COORD TNB PRODResponsable applicatif : TALMOUDI, Abdelkader - G603655Contact mainteneur : MKADDEM, Oussama - G701089Besoin certificat HTTPS : NonBesoin d'un alias DNS (à créer ou modifier) : NonNetmask : 255.255.255.248VLAN : 3254Gateway : 10.81.130.161IP serveur : 10.81.130.163Action : CréationHébergement du serveur : Central (BLB)Nouveau VLAN : NonService/CI associé au serveur : COORDINATEUR_1G_TNBBesoin d'envoyer des mails via nos passerelles SMTP : OuiModèle : VMware Virtual PlatformDescription serveur : coordinateur PROD 1G TNB | N63: G_IT_SC_ASKIT | O63: G_IT_SC_ASKIT | P63: G_IT_SC_ASKIT | Q63: ABBAR, Ahcene | R63: G_IT_SC_ASKIT | S63: Terminé | T63: 0 | U63: Clôturé | V63: WF_CMDB_SERV_ASKIT
A64: S260604_106 | B64: ZIDI, Chiheb Eddine | C64: G801222 | D64: MAROUFI, Walid | E64: E&T | F64: Tunisie/Kram | G64: 46177.463 | H64: 46178.541 | I64: Gestion des flux | J64: 2 | K64: 1 x Gestion des flux : 0 EURTitre : Access Request – SC-Ollama ServerProjet/Application : Stage: Assistant IA pour la refonte et l’optimisation du patrimoine de testsSite destination : SST (Tunisie/Megrine)Adresses IP sources : 10.207.2.175Adresses IP destination : https://sc-ollama-aet.sst.scomPort destination : 443 (HTTPS) | N64: G_IT_NETWORK_BLB | P64: G_IT_SECURITY | Q64: MAALOUL, Wallid | R64: G_IT_NETWORK_BLB | S64: Terminé | T64: 0.51527778 | U64: Clôturé | V64: WF_REQ_GENERIC_V6.1
A65: S260604_119 | B65: RAHMENI, Amal | C65: G800535 | D65: MAROUFI, Walid | E65: E&T | F65: Tunisie/Sousse | G65: 46177.479 | H65: 46178.69 | I65: PC accessoires | J65: 2 | K65: 1 x PC accessoires : 0 EURN° étiquette du PC (ou modèle) : P1312820Autres accessoires : OuiAutre (préciser l'équipement et la taille) : CasqueCentre de coût : S250300 | L65: Bonjour,Demande traité.Cordialement | N65: G_IT_DESKTOP_SST | P65: G_IT_DESKTOP_QSO | Q65: MFARREJ, Yosri | R65: G_IT_DESKTOP_SST | S65: Terminé | T65: 0.64930556 | U65: Clôturé | V65: WF_REQ_GENERIC_V6.1
A66: S260604_208 | B66: BELKHIRIA, Wael | C66: G361557 | D66: JANNOT, Christian | E66: supports | F66: Tunisie/Megrine | G66: 46177.659 | H66: 46182.371 | I66: PC accessoires | J66: 3 | K66: 1 x PC accessoires : 0 EURN° étiquette du PC (ou modèle) : p1312285Autres accessoires : NonCentre de coût : S250530 | L66: bonjourcable HDMI est disponiblecordialement | N66: G_IT_DESKTOP_KRM | P66: G_IT_DESKTOP_SST | Q66: BOUFAHJA, Kamel | R66: G_IT_DESKTOP_KRM | S66: Terminé | T66: 1.025 | U66: Clôturé | V66: WF_REQ_GENERIC_V6.1
A67: S260604_228 | B67: MAMI, Mohamed Moez | C67: G701258 | D67: MAROUFI, Walid | E67: E&T | F67: Tunisie/Kram | G67: 46177.702 | H67: 46183.419 | I67: Gestion des flux | J67: 3 | K67: 1 x Gestion des flux : 0 EURTitre : Demande accès_SC_ollamaAction demandée : CréationProjet/Application : projet ollamaSite destination : BLB (France/Bois Colombes)Adresses IP sources : g701258Adresses IP destination : https://ollama-ai.blb.scomPort destination : 443Date de début de la mission : 08/06/2026Date de fin : 01/10/2026 | L67: Accepter Pour accepter la demande, cliquez simplement sur le bouton d'envoi de ce mail. Ne modifiez pas le texte ci dessous @OPERATION@='SOLVE' @RFC_NUMBER@='S260604_228' @CHOICE@='1' | N67: G_IT_NETWORK_BLB | P67: G_IT_SECURITY | Q67: OGRYZEK, Damien | R67: G_IT_NETWORK_BLB | S67: Terminé | T67: 1.4673611 | U67: Clôturé | V67: WF_REQ_GENERIC_V6.1
A68: S260604_230 | B68: MAMI, Mohamed Moez | C68: G701258 | D68: MAROUFI, Walid | E68: E&T | F68: Tunisie/Kram | G68: 46177.707 | H68: 46183.419 | I68: Gestion des flux | J68: 3 | K68: 1 x Gestion des flux : 0 EURTitre : Demande accès SC_nexusAction demandée : CréationProjet/Application : Projet agent IA ollamaSite destination : BLB (France/Bois Colombes)Adresses IP sources : g701258Adresses IP destination : https://nexus-ia.ads.local/repository/pypi/simplePort destination : 443Date de début de la mission : 08/06/2026Date de fin : 01/10/2026 | L68: Accepter Pour accepter la demande, cliquez simplement sur le bouton d'envoi de ce mail. Ne modifiez pas le texte ci dessous @OPERATION@='SOLVE' @RFC_NUMBER@='S260604_230' @CHOICE@='1' | N68: G_IT_NETWORK_BLB | P68: G_IT_SECURITY | Q68: OGRYZEK, Damien | R68: G_IT_NETWORK_BLB | S68: Terminé | T68: 1.4625 | U68: Clôturé | V68: WF_REQ_GENERIC_V6.1
A69: S260605_028 | B69: CHARFI, Ramzi | C69: G361002 | D69: MAROUFI, Walid | E69: E&T | F69: Tunisie/Kram | G69: 46178.369 | H69: 46184.654 | I69: PC Laptop | J69: 3 | K69: 1 x PC Laptop : 0 EUR1 x Laptop light : 845.49 USD1 x Aucun écran : USD1 x Filtre de confidentialité : 27 USD1 x Aucun sac : EURType : Intégré au domaine SagemcomConfiguration : Configuration validationOS : WindowsClavier : AZERTYCentre de coût : S250300Email de validation de son DIR pôle à joindre : test.docx | L69: Bonjour Demande traitéeS/N:p1313709Os:Windows 11Modele:dell pro 14CdtSANA | N69: G_IT_DESKTOP_KRM | P69: G_IT_DESKTOP_KRM | Q69: GARRAWI, Sana | R69: G_IT_DESKTOP_KRM | S69: Terminé | T69: 2.0354167 | U69: Clôturé | V69: WF_REQ_GENERIC_V6.1
A70: S260605_050 | B70: BEN HARIZ, Makrem | C70: G361458 | D70: MAROUFI, Walid | E70: E&T | F70: Tunisie/Sousse | G70: 46178.406 | H70: 46206.436 | I70: Accès à un partage réseau | J70: 2 | K70: 1 x Accès à un partage réseau : 0 EURLien du partage : sst01002.ads.local/sst_aet/Commun/METERSCRIP/Droits : Lecture | L70: le problème d'Access persiste | N70: G_IT_INFRA_KRM | P70: G_IT_INFRA_QSO | Q70: BEN MAHMOUD, Arij | R70: G_IT_INFRA_KRM | S70: Terminé | T70: 8.7805556 | U70: Traitée | V70: WF_REQ_GENERIC_V6.1
A71: S260605_066 | B71: LAOUINI, Tasnim | C71: G573167 | D71: MAROUFI, Walid | E71: E&T | F71: Tunisie/Kram | G71: 46178.427 | H71: 46192.667 | I71: PC accessoires | J71: 3 | K71: 1 x PC accessoires : 0 EUR1 x PC portable alimentation : 20 USDN° étiquette du PC (ou modèle) : P1312648Autres accessoires : NonCentre de coût : S250300 | L71: @équipe IT : veuillez transmettre la référence du chageur à MCHITA Karim afin qu'il puisse lancer une demande d'achat Bonjour ,Demande est disponible, veuillez passer au bureau IT Cdt, | N71: G_IT_DESKTOP_KRM | P71: G_IT_DESKTOP_KRM | Q71: DRIDI, Rimeh | R71: G_IT_DESKTOP_KRM | S71: Terminé | T71: 4.6145833 | U71: Clôturé | V71: WF_REQ_GENERIC_V6.1
A72: S260605_099 | B72: MBRAEK, Bochra | C72: G800299 | D72: BEN SALAH, Naoufel | E72: BBS | F72: Tunisie/Megrine | G72: 46178.47 | H72: 46182.37 | I72: Masterisation d'un poste | J72: 2 | K72: 1 x Masterisation d'un poste : 0 EURChoix de l'OS : WindowsDoit-on sauvegarder les données ? : NonNom de l'ancien propriétaire : Mehrez RekikN° de code barre du PC concerné par la masterisation : p3300632Trigramme site (pour hostname PC) : SRTS-P3300632FL | L72: bonjourmini pc est disponiblel'os :windows 11cordialement | N72: G_IT_DESKTOP_KRM | P72: G_IT_DESKTOP_SST | Q72: BOUFAHJA, Kamel | R72: G_IT_DESKTOP_KRM | S72: Terminé | T72: 0.77569444 | U72: Clôturé | V72: WF_REQ_GENERIC_V6.1
A73: S260605_101 | B73: CHIHAOUI, Anis | C73: G360272 | D73: SAMANDI, Sami | E73: AVS | F73: Tunisie/Megrine | G73: 46178.471 | H73: 46197.411 | I73: Souris | J73: 3 | K73: 1 x Souris : 0 EUR1 x Souris sans fil : 12.65 EURCentre de coût : S250201 | L73: bonjour souris est disponiblecordialement | N73: G_IT_DESKTOP_KRM | P73: G_IT_DESKTOP_SST | Q73: BOUFAHJA, Kamel | R73: G_IT_DESKTOP_KRM | S73: Terminé | T73: 5.6277778 | U73: Clôturé | V73: WF_REQ_GENERIC_V6.1
A74: S260605_146 | B74: BEL HAJ MAOUIA, Mohamed | C74: G573576 | D74: MASMOUDI, Oussema | E74: BBS | F74: Tunisie/Megrine | G74: 46178.563 | H74: 46191.664 | I74: PC accessoires | J74: 3 | K74: 1 x PC accessoires : 0 EURN° étiquette du PC (ou modèle) : p1312716Autres accessoires : NonCentre de coût : S250200 | L74: @équipe IT : si le stock est épuisé, merci de contacter BOURAOUI Samir pour lancer une demande d'achat bonjour cable serie est disponiblecordialement | N74: G_IT_DESKTOP_SST | P74: G_IT_DESKTOP_SST | Q74: BOUFAHJA, Kamel | R74: G_IT_DESKTOP_SST | S74: Terminé | T74: 4.0388889 | U74: Clôturé | V74: WF_REQ_GENERIC_V6.1
A75: S260605_152 | B75: BENNACEUR, Wijdene | C75: G800222 | D75: MAROUFI, Walid | E75: E&T | F75: Tunisie/Kram | G75: 46178.594 | H75: 46178.62 | I75: Licence Github Copilot (Code Assist) | J75: 2 | K75: 1 x Licence Github Copilot (Code Assist) : 0 EURBU : AETGroupe : COPILOT_MEMBER_AET-CompteurModuleCommunCombien de fois pensez-vous utiliser cette licence par mois? : 20Justification : Utiliser l'IA pour générer des scripts de test automatiquesCentre de coût : S250300 | L75: Accepter Pour accepter la demande, cliquez simplement sur le bouton d'envoi de ce mail. Ne modifiez pas le texte ci dessous @OPERATION@='SOLVE' @RFC_NUMBER@='S260605_152' @CHOICE@='1' Bonjour, Le droit a été ajoute. Merci d'attendre le temps de synchro, au moins 2-4 heures. Cordialement | N75: G_IT_HELP_DESK | P75: G_IT_HELP_DESK | Q75: SOARE, Adriana | R75: G_IT_HELP_DESK | S75: Terminé | T75: 0.027083333 | U75: Clôturé | V75: WF_REQ_GENERIC_V6.1
A76: S260605_157 | B76: SGHAIER, Bacher | C76: G700635 | D76: SAMANDI, Sami | E76: AVS | F76: Tunisie/Megrine | G76: 46178.616 | H76: 46198.416 | I76: PC accessoires | J76: 3 | K76: 1 x PC accessoires : 0 EURN° étiquette du PC (ou modèle) : P1311614Autres accessoires : OuiAutre (préciser l'équipement et la taille) : micro casqueCentre de coût : S250201 | L76: @équipe IT : si le stock est épuisé, merci de contacter BEN MANSOUR Hakim pour lancer une demande d'achat bonjourcasque est dispocordialement | N76: G_IT_DESKTOP_KRM | P76: G_IT_DESKTOP_SST | Q76: BOUFAHJA, Kamel | R76: G_IT_DESKTOP_KRM | S76: Terminé | T76: 5.925 | U76: Clôturé | V76: WF_REQ_GENERIC_V6.1
A77: S260605_164 | B77: MFARREJ, Yosri | C77: G801030 | D77: BEN ABDALLAH, Mehdi | E77: supports | F77: Tunisie/Sousse | G77: 46178.633 | H77: 46188.455 | I77: Gestion des flux | J77: 2 | K77: 1 x Gestion des flux : 0 EURTitre : Accès Imprimante Site Sousse QSOAction demandée : CréationProjet/Application : Accès Imprimante Site Sousse QSOService/CI associé au serveur : BLB_INFRA_NETWORKSite destination : SST (Tunisie/Megrine)Adresses IP sources : 10.208.249.56Adresses IP destination : 10.208.18.20 et 10.208.18.21Port destination : udp 161 / ping 443Matrice de flux : Matrice_de_Flux_template PRINTER.xlsx | N77: G_IT_NETWORK_BLB | P77: G_IT_SECURITY | Q77: MAALOUL, Wallid | R77: G_IT_NETWORK_BLB | S77: Terminé | T77: 2.4472222 | U77: Clôturé | V77: WF_REQ_GENERIC_V6.1
A78: S260605_174 | B78: ZIDI, Chiheb Eddine | C78: G801222 | D78: MAROUFI, Walid | E78: E&T | F78: Tunisie/Kram | G78: 46178.652 | H78: 46184.421 | I78: Gestion des flux | J78: 2 | K78: 1 x Gestion des flux : 0 EURTitre : Demande d’accès Flux nexusProjet/Application : Accès au serveur Ollama pour utilisation des agents IA interneSite destination : BLB (France/Bois Colombes)Adresses IP sources : 10.207.2.175Adresses IP destination : https://nexus-ia.ads.local/repository/pypi/simplePort destination : 443 | N78: G_IT_NETWORK_BLB | P78: G_IT_SECURITY | Q78: OGRYZEK, Damien | R78: G_IT_NETWORK_BLB | S78: Terminé | T78: 1.5201389 | U78: Clôturé | V78: WF_REQ_GENERIC_V6.1
A79: S260605_202 | B79: CHEBBI, Mohamed | C79: G545453 | D79: SAMANDI, Sami | E79: AVS | F79: Tunisie/Megrine | G79: 46178.701 | H79: 46185.412 | I79: Gestion des flux | J79: 2 | K79: 1 x Gestion des flux : 0 EURTitre : Accées à jenkins14-avs2Action demandée : ModificationProjet/Application : Dashboard VARTService/CI associé au serveur : BLB_INFRA_NETWORKSite destination : BLB (France/Bois Colombes)Adresses IP sources : https://vart.sst.scomAdresses IP destination : https://jenkins14-avs2.etl.scom/lPort destination : 443Date de début de la mission : 05/06/2026Date de fin : 24/07/2027 | N79: G_IT_NETWORK_BLB | P79: G_IT_SECURITY | Q79: OGRYZEK, Damien | R79: G_IT_NETWORK_BLB | S79: Terminé | T79: 1.8986111 | U79: Clôturé | V79: WF_REQ_GENERIC_V6.1
A80: S260605_214 | B80: KALLEL, Mahmoud | C80: G573089 | D80: BEN SALAH, Naoufel | E80: BBS | F80: Tunisie/Megrine | G80: 46178.727 | H80: 46181.431 | I80: Comptes GITIS | J80: 3 | K80: 1 x Comptes GITIS : 0 EURMétier GITIS : 02_Consultation (membre de la R&D) / Consultation (R&D member)Action demandée : Création (nouveau compte)Environnement : Production (P01)RB Gateways (R&D BBS) : YRK_INTRA_URD_VISU_RB | L80: Bonjour, Le compte a été crée. Le rôle a été ajouté. Le nouveau mot de passe vous a été envoyé par mail. Cordialement Accepter Pour accepter la demande, cliquez simplement sur le bouton d'envoi de ce mail. Ne modifiez pas le texte ci dessous @OPERATION@='SOLVE' @RFC_NUMBER@='S260605_214' @CHOICE@='1' Téléchargez Outlook pour iOS | N80: G_IT_HELP_DESK | P80: G_IT_HELP_DESK | Q80: SOARE, Adriana | R80: G_IT_HELP_DESK | S80: Terminé | T80: 2.7048611 | U80: Clôturé | V80: WF_REQ_GENERIC_V6.1
A81: S260608_021 | B81: ELHAMADI, Aziz | C81: G361488 | D81: GAVOILLE, Laurent | E81: E&T | F81: Tunisie/Kram | G81: 46181.348 | H81: 46206.499 | I81: Licence IA | J81: 2 | K81: 1 x Licence IA : 0 EURLicence : Copilot 365Combien de fois pensez-vous utiliser cette licence par mois? : 20Pourquoi Copilot Chat (version GPT-5) ne répond pas à votre besoin ? : Gestion de 8 projets / clients différents, besoin des outils de traitement et de synthèse.Justification : Aziz est un chef de projet produit ENERGY. Aziz n'a pas besoin de Copilot GitHub, il n'est pas SW. Il gère un ensemble des 8 projets / clients avec un lourd historique. Il a besoin d'utiliser Copilot365 afin de maximiser son efficacité dans le traitement des tâches quotidiennes (synthèse de documents et de contextes complexes, traduction, interprétation de normes, traitement de données, analyses d'anomalies systéme / solution, rédaction de document client...etc). | L81: Accepter Pour accepter la demande, cliquez simplement sur le bouton d'envoi de ce mail. Ne modifiez pas le texte ci dessous @OPERATION@='SOLVE' @RFC_NUMBER@='S260608_021' @CHOICE@='1' | N81: G_IT_POP_MGT | P81: G_IT_POP_MGT | Q81: VERGEZ, Melanie | R81: G_IT_POP_MGT | S81: Terminé | T81: 8.4638889 | U81: Clôturé | V81: WF_REQ_GENERIC_V6.1
A82: S260608_077 | B82: YAHMEDI, Arij | C82: G573278 | D82: BEN SALAH, Naoufel | E82: BBS | F82: Tunisie/Megrine | G82: 46181.423 | H82: 46202.452 | I82: Masterisation d'un poste | J82: 2 | K82: 1 x Masterisation d'un poste : 0 EURChoix de l'OS : LinuxDoit-on sauvegarder les données ? : NonNom de l'ancien propriétaire : YAHMEDI ArijN° de code barre du PC concerné par la masterisation : P1307186Trigramme site (pour hostname PC) : srts | L82: Bonjour,Desktop est disponible,PI : on a changé ton ancien desktop P1307186 par un autre dell optiplex 3080 P1311947 suite a un problème au niveau de la carte mère Cdt. | N82: G_IT_DESKTOP_SST | P82: G_IT_DESKTOP_SST | Q82: ADOUKA, Mohamed | R82: G_IT_DESKTOP_SST | S82: Terminé | T82: 6.5916667 | U82: Traitée | V82: WF_REQ_GENERIC_V6.1
A83: S260608_096 | B83: SLAMA, Houssem Eddine | C83: G801320 | D83: JANNOT, Christian | E83: supports | F83: Tunisie/Kram | G83: 46181.439 | H83: 46182.496 | I83: Messagerie individuelle | J83: 3 | K83: 1 x Messagerie individuelle : 0 EURAction : CréationMessagerie pour filiales GIS africaines : Non | L83: Bonjour, La boîte individuelle a été créée. Cependant, il faut attendre un délai de 24h-48h avant que celle-ci soit visible dans votre carnet d'adresse. Si passé ce délai, elle n'est toujours pas visible, nous vous invitons à rouvrir la demande. Cordialement | N83: G_IT_HELP_DESK | P83: G_IT_HELP_DESK | Q83: SOARE, Adriana | R83: G_IT_HELP_DESK | S83: Terminé | T83: 0.49444444 | U83: Clôturé | V83: WF_REQ_GENERIC_V6.1
A84: S260608_097 | B84: SLAMA, Houssem Eddine | C84: G801320 | D84: JANNOT, Christian | E84: supports | F84: Tunisie/Kram | G84: 46181.439 | H84: 46182.427 | I84: Groupes AD | J84: 3 | K84: 1 x Groupes AD : 0 EURAction : AffectationGroupe(s) : sst-scretd // SCOM-EPM-MediumFlex | L84: groupes ajoutés | N84: G_IT_HELP_DESK | P84: G_IT_HELP_DESK | Q84: LUNCASU, Sabina | R84: G_IT_HELP_DESK | S84: Terminé | T84: 0.44652778 | U84: Clôturé | V84: WF_REQ_GENERIC_V6.1
A85: S260608_129 | B85: DHRAIEF, Zakia | C85: G573122 | D85: MASMOUDI, Oussema | E85: BBS | F85: Tunisie/Megrine | G85: 46181.472 | H85: 46196.43 | I85: Masterisation d'un poste | J85: 2 | K85: 1 x Masterisation d'un poste : 0 EURChoix de l'OS : LinuxDoit-on sauvegarder les données ? : Non | L85: Bonjour,Desktop est disponibleOS ubuntu 24.04 P1307744Cdt. | N85: G_IT_DESKTOP_SST | P85: G_IT_DESKTOP_SST | Q85: ADOUKA, Mohamed | R85: G_IT_DESKTOP_SST | S85: Terminé | T85: 4.7715278 | U85: Clôturé | V85: WF_REQ_GENERIC_V6.1
A86: S260608_164 | B86: BIZID, Mohamed Malek | C86: G701579 | D86: JANNOT, Christian | E86: supports | F86: Tunisie/Sousse | G86: 46181.528 | H86: 46181.712 | I86: PC accessoires | J86: 3 | K86: 1 x PC accessoires : 0 EUR1 x Sac à dos Laptop : 16.7 EURN° étiquette du PC (ou modèle) : P1312803Autres accessoires : NonCentre de coût : S250206 | L86: Accepter Pour accepter la demande, cliquez simplement sur le bouton d'envoi de ce mail. Ne modifiez pas le texte ci dessous @OPERATION@='SOLVE' @RFC_NUMBER@='S260608_164' @CHOICE@='1' Ayada Hassine Responsable Qualité Environnement SS&T / Responsable bureau d’etude SS&T 2-Information Interne Sagemcom – Interdiction de communiquer en externe sans autorisation de la direction concernée - Ce document et les informations qu’il contient sont la propriété de Sagemcom. Ils ne doivent pas être reproduits, représentés, divulgués à un/des tiers, ni utilisés à d’autres fins que celles pour lesquelles ils ont été établis et transmis. Bonjour,Demande traité.Cordialement. | N86: G_IT_DESKTOP_SST | P86: G_IT_DESKTOP_QSO | Q86: MFARREJ, Yosri | R86: G_IT_DESKTOP_SST | S86: Terminé | T86: 0.18402778 | U86: Clôturé | V86: WF_REQ_GENERIC_V6.1
A87: S260608_193 | B87: THELJAOUI, Mohamed | C87: G361247 | D87: BEN ABDALLAH, Mehdi | E87: supports | F87: Tunisie/Megrine | G87: 46181.592 | H87: 46182.406 | I87: Serveur | J87: 2 | K87: 1 x Serveur : USD Titre : Reporting cockpit PROD Action : Création Service/CI associé au serveur : CORP_BO Description serveur : Reporting cockpit PROD Hébergement du serveur : Central (BLB) Type de serveur : Virtuel (VM) Nature du serveur : PROD Système d'exploitation du serveur : Debian 13 Espace disque du serveur (en Go) : 200Go /home 70Go /var RAM Serveur (en Go) : 16 Nombre de processeur et modèle pour serveur : 4 Date de mise en œuvre souhaitée : 09/06/2026 Besoin réseau : Accès uniquement par Sagemcom Matrice de flux : 96874 Besoin en supervision : Oui Besoin en sauvegarde : Oui Description de ce qui doit être sauvegardé : Sauvegarde de VM Besoin d'une seconde sauvegarde sur un site distinct de Bois-Colombes : Non Besoin d'un alias DNS (à créer ou modifier) : Non Besoin certificat HTTPS : Non Besoin d'envoyer des mails via nos passerelles SMTP : Oui Responsable applicatif : THELJAOUI, Mohamed - G361247 Contact technique : THELJAOUI, Mohamed - G361247 Contact mainteneur : THELJAOUI, Mohamed - G361247 Expression du besoin : Migration de VM Ubuntu 18 vers debain 13. Ip temporaire pour switch ensuite. FLux vers les dépots interne svp. merci Nom du serveur : BLB28072 Modèle : VMware Virtual Platform IP serveur : 10.80.177.190 Netmask : 255.255.255.0 Gateway : 10.80.177.1 Nouveau VLAN : Non VLAN : 2020 | L87: • IP address: 10.80.177.190/24• Description: Vm de prod Reporting cockpit IP TEMP• Hostname: BLB28072• Subnet: 10.80.177.0/24 (2020 - SRV_BURE_2020)• Netmask: 255.255.255.0• Gateway: 10.80.177.1• VLAN ID: 2020 (SRV_BURE_2020) IP temporaire fournie le temps de la bascule.Pas de flux à ouvrir sur l'ip temporaire.• IP address: 10.80.177.190/24• Description: Vm de prod Reporting cockpit IP TEMP• Hostname: BLB28072• Subnet: 10.80.177.0/24 (2020 - SRV_BURE_2020)• Netmask: 255.255.255.0• Gateway: 10.80.177.1• VLAN ID: 2020 (SRV_BURE_2020) ajout PMAD | N87: G_IT_INFRA_BLB | P87: G_DSSI | Q87: POPEA, Ionel | R87: G_IT_INFRA_BLB | S87: Terminé | T87: 0.25208333 | U87: Clôturé | V87: WF_REQ_IT_SERVER_FOR_APPS_V14
A88: S260608_207 | B88: GHARBI, Ghassen | C88: G700340 | D88: BEN SALAH, Naoufel | E88: BBS | F88: Tunisie/Megrine | G88: 46181.61 | H88: 46185.444 | I88: PC accessoires | J88: 2 | K88: 1 x PC accessoires : 0 EUR1 x Sac à dos Laptop : 16.7 EURN° étiquette du PC (ou modèle) : P1310782Autres accessoires : NonCentre de coût : S250200 | L88: @équipe IT : si le stock est épuisé, merci de contacter BOURAOUI Samir pour lancer une demande d'achat bonjoursac a dos est disponiblecordialement | N88: G_IT_DESKTOP_KRM | P88: G_IT_DESKTOP_SST | Q88: BOUFAHJA, Kamel | R88: G_IT_DESKTOP_KRM | S88: Terminé | T88: 0.98055556 | U88: Clôturé | V88: WF_REQ_GENERIC_V6.1
A89: S260608_303 | B89: BEN YEDDER, Majdi | C89: G361152 | D89: BEN ABDALLAH, Mehdi | E89: supports | F89: Tunisie/Megrine | G89: 46181.73 | H89: 46183.697 | I89: Serveur | J89: 3 | K89: 1 x Serveur : 0 USD Titre : Augmentation de la taille de disque serveur provisionning BBS (factor) Action : Modification Nom du serveur (recherche par nom ou IP) : rmm08778 Serveur non trouvé dans la liste ci-dessus : 0 Modification : Disque supplémentaire (Go) Espace disque du serveur (en Go) : 50 Expression du besoin : Bonjour, On a besoin d'espace supplémentaire de 50Go dans la partition "home" du serveur (factor.comon). Cdt, | N89: G_IT_INFRA_BLB | Q89: BEN YEDDER, Majdi | R89: G_IT_INFRA_BLB | S89: Terminé | T89: 0.84305556 | U89: Clôturé | V89: WF_REQ_IT_SERVER_FOR_APPS_V14
A90: S260608_307 | B90: REJAB JRIJI, Helmi | C90: G801213 | D90: BEN ABDALLAH, Mehdi | E90: supports | F90: Tunisie/Megrine | G90: 46181.737 | H90: 46182.61 | I90: Gestion des flux | J90: 2 | K90: 1 x Gestion des flux : 0 EURTitre : Flux Coord 1G TNB VAL vers l'ancienne machineAction demandée : CréationProjet/Application : Coord 1G TNB VALService/CI associé au serveur : COORDINATEUR_1G_TNBSite destination : AutreAutre site : rmmAdresses IP sources : 10.81.130.162Adresses IP destination : 10.66.243.245 (décomissionement avant 31/7)Port destination : 22Date de fin : 31/07/2026 | L90: Bonjour,Demande traitée suite à la validation DSSI effectuée à l'instant.Schedule au 31 juillet 2026 comme demandé.Cdlt, | N90: G_IT_NETWORK_BLB | P90: G_IT_SECURITY | Q90: AHMANE, Hassan | R90: G_IT_NETWORK_BLB | S90: Terminé | T90: 0.31111111 | U90: Clôturé | V90: WF_REQ_GENERIC_V6.1
A91: S260609_016 | B91: CHEBBI, Mohamed | C91: G545453 | D91: SAMANDI, Sami | E91: AVS | F91: Tunisie/Megrine | G91: 46182.335 | H91: 46196.414 | I91: Gestion des flux | J91: 3 | K91: 1 x Gestion des flux : 0 EURTitre : accés https://vart.sst.scom:8443/ à partir de BLBAction demandée : ModificationProjet/Application : VARTService/CI associé au serveur : BLB_INFRA_NETWORKSite destination : BLB (France/Bois Colombes)Adresses IP sources : R&D AVS dupuis le site de BLBAdresses IP destination : https://vart.sst.scomPort destination : 8433Date de début de la mission : 09/06/2026Date de fin : 30/07/2027 | N91: G_IT_NETWORK_BLB | P91: G_IT_SECURITY | Q91: LAMI, Vincent | R91: G_IT_NETWORK_BLB | S91: Terminé | T91: 4.4548611 | U91: Clôturé | V91: WF_REQ_GENERIC_V6.1
A92: S260609_049 | B92: THELJAOUI, Mohamed | C92: G361247 | D92: BEN ABDALLAH, Mehdi | E92: supports | F92: Tunisie/Megrine | G92: 46182.406 | H92: 46184.287 | I92: ASKit MAJ CMDB | J92: 3 | K92: Nom du serveur : BLB28072RAM Serveur (en Go) : 16Espace disque du serveur (en Go) : 200Go /home 70Go /varSystème d'exploitation du serveur : Debian 13Type de serveur : Virtuel (VM)Nombre de processeur et modèle pour serveur : 4Expression du besoin : Migration de VM Ubuntu 18 vers debain 13. Ip temporaire pour switch ensuite. FLux vers les dépots interne svp. merciBesoin en sauvegarde : OuiDescription de ce qui doit être sauvegardé : Sauvegarde de VMBesoin en supervision : OuiNature du serveur : PRODBesoin réseau : Accès uniquement par SagemcomDate de mise en œuvre souhaitée : 09/06/2026Matrice de flux : 96874Titre : Reporting cockpit PRODContact technique : THELJAOUI, Mohamed - G361247Besoin d'une seconde sauvegarde sur un site distinct de Bois-Colombes : NonResponsable applicatif : THELJAOUI, Mohamed - G361247Contact mainteneur : THELJAOUI, Mohamed - G361247Besoin certificat HTTPS : NonVLAN : 2020Besoin d'un alias DNS (à créer ou modifier) : NonNetmask : 255.255.255.0Gateway : 10.80.177.1IP serveur : 10.80.177.190Action : CréationHébergement du serveur : Central (BLB)Service/CI associé au serveur : CORP_BOModèle : VMware Virtual PlatformNouveau VLAN : NonBesoin d'envoyer des mails via nos passerelles SMTP : OuiDescription serveur : Reporting cockpit PRODCréation du serveur : OuiCréation serveur en CI : OuiLien CI service-serveur : OuiNom du serveur : BLB28072RAM Serveur (en Go) : 16Espace disque du serveur (en Go) : 200Go /home 70Go /varSystème d'exploitation du serveur : Debian 13Type de serveur : Virtuel (VM)Nombre de processeur et modèle pour serveur : 4Expression du besoin : Migration de VM Ubuntu 18 vers debain 13. Ip temporaire pour switch ensuite. FLux vers les dépots interne svp. merciBesoin en sauvegarde : OuiDescription de ce qui doit être sauvegardé : Sauvegarde de VMBesoin en supervision : OuiNature du serveur : PRODBesoin réseau : Accès uniquement par SagemcomDate de mise en œuvre souhaitée : 09/06/2026Matrice de flux : 96874Titre : Reporting cockpit PRODContact technique : THELJAOUI, Mohamed - G361247Besoin d'une seconde sauvegarde sur un site distinct de Bois-Colombes : NonResponsable applicatif : THELJAOUI, Mohamed - G361247Contact mainteneur : THELJAOUI, Mohamed - G361247Besoin certificat HTTPS : NonVLAN : 2020Besoin d'un alias DNS (à créer ou modifier) : NonNetmask : 255.255.255.0Gateway : 10.80.177.1IP serveur : 10.80.177.190Action : CréationHébergement du serveur : Central (BLB)Service/CI associé au serveur : CORP_BOModèle : VMware Virtual PlatformNouveau VLAN : NonBesoin d'envoyer des mails via nos passerelles SMTP : OuiDescription serveur : Reporting cockpit PROD | N92: G_IT_SC_ASKIT | O92: G_IT_SC_ASKIT | P92: G_IT_SC_ASKIT | Q92: ABBAR, Ahcene | R92: G_IT_SC_ASKIT | S92: Terminé | T92: 0 | U92: Clôturé | V92: WF_CMDB_SERV_ASKIT
A93: S260609_051 | B93: HAMMOUDA, Imen | C93: G361243 | D93: BEN ABDALLAH, Mehdi | E93: supports | F93: Tunisie/Megrine | G93: 46182.409 | H93: 46184.286 | I93: ASKit MAJ CMDB | J93: 3 | K93: Nom du serveur : BLB29030Type de serveur : Virtuel (VM)Système d'exploitation du serveur : Debian 13Espace disque du serveur (en Go) : 10 GO sous /home + 10 GO sous /varRAM Serveur (en Go) : 4 GONombre de processeur et modèle pour serveur : 4Expression du besoin : Bonjour, Pouvez-vous créer cette machine dans le VLAN: DMZ_Privee VLAN 922. la machine va remplacer RMM08187, elle doit être dans le même VLAN. Cordialement, Imen Besoin en supervision : OuiBesoin en sauvegarde : OuiDescription de ce qui doit être sauvegardé : sauvegarde machineNature du serveur : VALContact technique : HAMMOUDA, Imen - G361243Besoin réseau : Accès uniquement par SagemcomDate de mise en œuvre souhaitée : 15/05/2026Matrice de flux : 95118Titre : VM MIGRATION COORD SIBELGA VALResponsable applicatif : TALMOUDI, Abdelkader - G603655Contact mainteneur : MKADDEM, Oussama - G701089Besoin certificat HTTPS : NonBesoin d'un alias DNS (à créer ou modifier) : NonNetmask : 255.255.255.248VLAN : 3252Gateway : 10.81.130.144IP serveur : 10.81.130.146Action : CréationHébergement du serveur : Central (BLB)Nouveau VLAN : OuiService/CI associé au serveur : COORDINATEUR_1G_SIBELGABesoin d'envoyer des mails via nos passerelles SMTP : OuiModèle : VMware Virtual PlatformDescription serveur : coordinateur VAL 1G SIBELGACréation du serveur : OuiCréation serveur en CI : OuiLien CI service-serveur : OuiNom du serveur : BLB29030Type de serveur : Virtuel (VM)Système d'exploitation du serveur : Debian 13Espace disque du serveur (en Go) : 10 GO sous /home + 10 GO sous /varRAM Serveur (en Go) : 4 GONombre de processeur et modèle pour serveur : 4Expression du besoin : Bonjour, Pouvez-vous créer cette machine dans le VLAN: DMZ_Privee VLAN 922. la machine va remplacer RMM08187, elle doit être dans le même VLAN. Cordialement, Imen Besoin en supervision : OuiBesoin en sauvegarde : OuiDescription de ce qui doit être sauvegardé : sauvegarde machineNature du serveur : VALContact technique : HAMMOUDA, Imen - G361243Besoin réseau : Accès uniquement par SagemcomDate de mise en œuvre souhaitée : 15/05/2026Matrice de flux : 95118Titre : VM MIGRATION COORD SIBELGA VALResponsable applicatif : TALMOUDI, Abdelkader - G603655Contact mainteneur : MKADDEM, Oussama - G701089Besoin certificat HTTPS : NonBesoin d'un alias DNS (à créer ou modifier) : NonNetmask : 255.255.255.248VLAN : 3252Gateway : 10.81.130.144IP serveur : 10.81.130.146Action : CréationHébergement du serveur : Central (BLB)Nouveau VLAN : OuiService/CI associé au serveur : COORDINATEUR_1G_SIBELGABesoin d'envoyer des mails via nos passerelles SMTP : OuiModèle : VMware Virtual PlatformDescription serveur : coordinateur VAL 1G SIBELGA | N93: G_IT_SC_ASKIT | O93: G_IT_SC_ASKIT | P93: G_IT_SC_ASKIT | Q93: ABBAR, Ahcene | R93: G_IT_SC_ASKIT | S93: Terminé | T93: 0 | U93: Clôturé | V93: WF_CMDB_SERV_ASKIT
A94: S260609_052 | B94: KAROUI, Maroua | C94: G702000 | D94: JANNOT, Christian | E94: supports | F94: Tunisie/Kram | G94: 46182.411 | H94: 46182.502 | I94: Comptes GITIS | J94: 3 | K94: 1 x Comptes GITIS : 0 EURMétier GITIS : 02_Consultation (membre de la R&D) / Consultation (R&D member)Action demandée : Modification (ajout de droits)Environnement : Production (P01)AA Compteurs électriques Exports et traditionnels et gaz (R&D produits) : YRK_INTRA_URD_VISU_AAAJ Compteurs d'eau (R&D Grid, Eau et Auto) : YRK_INTRA_URD_VISU_AJ | L94: Accepter Pour accepter la demande, cliquez simplement sur le bouton d'envoi de ce mail. Ne modifiez pas le texte ci dessous @OPERATION@='SOLVE' @RFC_NUMBER@='S260609_052' @CHOICE@='1' Ayada Hassine Responsable Qualité Environnement SS&T / Responsable bureau d’etude SS&T 2-Information Interne Sagemcom – Interdiction de communiquer en externe sans autorisation de la direction concernée - Ce document et les informations qu’il contient sont la propriété de Sagemcom. Ils ne doivent pas être reproduits, représentés, divulgués à un/des tiers, ni utilisés à d’autres fins que celles pour lesquelles ils ont été établis et transmis. Bonjour,Les rôles ont été ajoutés.Cordialement | N94: G_IT_HELP_DESK | P94: G_IT_HELP_DESK | Q94: SOARE, Adriana | R94: G_IT_HELP_DESK | S94: Terminé | T94: 0.092361111 | U94: Clôturé | V94: WF_REQ_GENERIC_V6.1
A95: S260609_054 | B95: BEN NACIB, Rami | C95: G801321 | D95: JANNOT, Christian | E95: supports | F95: Tunisie/Megrine | G95: 46182.414 | H95: 46183.635 | I95: Messagerie individuelle | J95: 3 | K95: 1 x Messagerie individuelle : 0 EURAction : CréationMessagerie pour filiales GIS africaines : Non | L95: Bonjour, La boîte individuelle a été créée. Cependant, il faut attendre un délai de 24h-48h avant que celle-ci soit visible dans votre carnet d'adresse. Si passé ce délai, elle n'est toujours pas visible, nous vous invitons à rouvrir la demande. Cordialement, | N95: G_IT_HELP_DESK | P95: G_IT_HELP_DESK | Q95: LUNCASU, Sabina | R95: G_IT_HELP_DESK | S95: Terminé | T95: 0.65833333 | U95: Clôturé | V95: WF_REQ_GENERIC_V6.1
A96: S260609_055 | B96: BEN NACIB, Rami | C96: G801321 | D96: JANNOT, Christian | E96: supports | F96: Tunisie/Megrine | G96: 46182.414 | H96: 46183.631 | I96: Groupes AD | J96: 3 | K96: 1 x Groupes AD : 0 EURAction : AffectationGroupe(s) : SST-SCRetD | L96: groupe ajouté | N96: G_IT_HELP_DESK | P96: G_IT_HELP_DESK | Q96: LUNCASU, Sabina | R96: G_IT_HELP_DESK | S96: Terminé | T96: 0.67569444 | U96: Clôturé | V96: WF_REQ_GENERIC_V6.1
A97: S260609_063 | B97: MFARREJ, Yosri | C97: G801030 | D97: BEN ABDALLAH, Mehdi | E97: supports | F97: Tunisie/Sousse | G97: 46182.427 | H97: 46189.423 | I97: Gestion des flux | J97: 2 | K97: 1 x Gestion des flux : 0 EURTitre : Accès ZabbixAction demandée : CréationProjet/Application : Accès ZabbixService/CI associé au serveur : BLB_INFRA_NETWORKSite destination : AutreAutre site : QSOAdresses IP sources : g801030Adresses IP destination : 10.207.7.50 / 10.206.249.164Port destination : 443 | N97: G_IT_NETWORK_BLB | P97: G_IT_SECURITY | Q97: OGRYZEK, Damien | R97: G_IT_NETWORK_BLB | S97: Terminé | T97: 2.1840278 | U97: Clôturé | V97: WF_REQ_GENERIC_V6.1
A98: S260609_082 | B98: EL KANTAOUI, Sélim | C98: G573124 | D98: BEN ABDALLAH, Mehdi | E98: supports | F98: Tunisie/Megrine | G98: 46182.452 | I98: Serveur | J98: 3 | K98: 1 x Serveur : USD Titre : RMM08897 ajout disque Action : Modification Nom du serveur (recherche par nom ou IP) : rmm08897 Serveur non trouvé dans la liste ci-dessus : 0 Modification : Disque supplémentaire (Go) Espace disque du serveur (en Go) : 500 Expression du besoin : Bonjour, Nous avons besoin d’ajouter 500 Go sur la partition /var. Cordialement, | L98: Traité par T.Carotine | N98: G_IT_INFRA_BLB | R98: G_IT_INFRA_BLB | S98: En cours de traitement | T98: 0 | U98: En cours | V98: WF_REQ_IT_SERVER_FOR_APPS_V14
A99: S260609_107 | B99: ESSID, Oumayma | C99: G800678 | D99: BEN SALAH, Naoufel | E99: BBS | F99: Tunisie/Megrine | G99: 46182.504 | H99: 46185.366 | I99: PC accessoires | J99: 3 | K99: 1 x PC accessoires : 0 EUR1 x Sac à dos Laptop : 16.7 EURN° étiquette du PC (ou modèle) : DELL (P1311504)Autres accessoires : NonCentre de coût : S250200 | L99: @équipe IT : si le stock est épuisé, merci de contacter BOURAOUI Samir pour lancer une demande d'achat bonjoursac a dos est dispocordialement | N99: G_IT_DESKTOP_SST | P99: G_IT_DESKTOP_SST | Q99: BOUFAHJA, Kamel | R99: G_IT_DESKTOP_SST | S99: Terminé | T99: 1.175 | U99: Clôturé | V99: WF_REQ_GENERIC_V6.1
A100: S260609_137 | B100: IBRAHIM, Fathi | C100: G545697 | D100: JANNOT, Christian | E100: supports | F100: Tunisie/Kram | G100: 46182.575 | H100: 46185.622 | I100: Accès Distant Sagemcom | J100: 3 | K100: 1 x Accès Distant Sagemcom : 0 EURChoix de l'OS : Windows | L100: Accepter Pour accepter la demande, cliquez simplement sur le bouton d'envoi de ce mail. Ne modifiez pas le texte ci dessous @OPERATION@='SOLVE' @RFC_NUMBER@='S260609_137' @CHOICE@='1' Rachid BRAHMI Administrateur Réseaux, Direction des Systèmes d’Information Adresse postale : 4 Allée des Messageries, 92270 Bois-Colombes Adresse de livraison : Sagemcom chez ExcelCourses, 50 rue Ardoin – Bat B / lot 552, 93400 Saint-Ouen-sur-Seine Tél. : +33 (0)1 57 61 17 29 | Mobile : +33 (0)6 07 56 42 39 Suivez-nous : | N100: G_IT_NETWORK_ADSL | P100: G_IT_NETWORK_PEGASE | Q100: BRAHMI, Rachid | R100: G_IT_NETWORK_ADSL | S100: Terminé | T100: 1.3597222 | U100: Clôturé | V100: WF_REQ_GENERIC_V6.1
A101: S260609_178 | B101: HAJJEM, Ikbel | C101: G361532 | D101: BEN ABDALLAH, Mehdi | E101: supports | F101: Tunisie/Megrine | G101: 46182.653 | H101: 46184.57 | I101: Gestion des flux | J101: 3 | K101: 1 x Gestion des flux : 0 EURTitre : grafana connection to gitlab DBAction demandée : CréationProjet/Application : Grafana ETLService/CI associé au serveur : BLB_INFRA_NETWORKSite destination : BLB (France/Bois Colombes)Adresses IP sources : 10.80.171.81Adresses IP destination : 10.80.185.10 10.206.248.244Port destination : 5432 | N101: G_IT_NETWORK_BLB | P101: G_IT_SECURITY | Q101: OGRYZEK, Damien | R101: G_IT_NETWORK_BLB | S101: Terminé | T101: 0.79236111 | U101: Clôturé | V101: WF_REQ_GENERIC_V6.1
...

Sheet tickets fermés
A1: N° ticket | B1: Bénéficiaire | C1: Bénéficiaire ID | D1: Enregistré le | E1: Date de résolution | F1: Sujet | G1: Priorité | H1: E_REPONSES | I1: Description | J1: Bénéficiaire : Niveau de VIP | K1: Bénéficiaire : Localisation | L1: GROUP_$lng | M1: Groupe courant | N1: Résolu par (groupe) | O1: Résolu par (intervenant) | P1: GROUP_$lng | Q1: Meta Statut | R1: Délai de résolution (min) | S1: Statut ticket | T1: Workflow
A2: S260119_407 | B2: TALEB ALI, Mariem | C2: G701304 | D2: 46041.694 | E2: 46178.504 | F2: Installation réseau ou téléphone fixe | G2: 3 | H2: 1 x Installation réseau ou téléphone fixe : 0 EURDemande Réseau ou Téléphonie : RéseauBesoin extention cablage reseau : ATRdésignation : Bonjour, Besoin de ligne réseau Sagem Plateau : C0 Emplacement: G2 Port: D0-243 merci | I2: Bonjour Merci de tester port 243 cdt Bonjour,la ligne 243 n'est pas pratique, le support de port est cassé.Merci de le voir.Mariem Bonjour,Problème résolu.Cdt, | K2: Tunisie/Megrine | L2: G_IT_NETWORK_KRM | N2: G_IT_NETWORK_SST | O2: SMAALI, Slim | P2: G_IT_NETWORK_KRM | Q2: Terminé | R2: 27.488194 | S2: Clôturé | T2: WF_REQ_GENERIC_V6.1
A3: S260122_257 | B3: TRABELSI, Khalil | C3: G701090 | D3: 46044.617 | E3: 46174.554 | F3: Serveur | G3: 3 | H3: 1 x Serveur : 0 USD Titre : RMM08471 Décommissionnement Action : Décommissionnement Nom du serveur (recherche par nom ou IP) : rmm08471 Serveur non trouvé dans la liste ci-dessus : 0 Date d'arrêt : 15/02/2026 Besoin d'une sauvegarde : Oui | I3: Sortie Inventaire / PMAD Suppression de l'ip effectuée sur IPAM et firewalls --> RMM08471,10.81.130.43 Suppression de l'ip effectuée sur IPAM et firewalls --> RMM08471,10.81.130.43 | K3: Tunisie/Megrine | L3: G_IT_INFRA_BLB | M3: G_IT_SC_ASKIT | N3: G_IT_INFRA_BLB | O3: GAUTREAU, Fabien | P3: G_IT_INFRA_BLB | Q3: Terminé | R3: 26.368056 | S3: Clôturé | T3: WF_REQ_IT_SERVER_FOR_APPS_V13+ETL
A4: S260122_310 | B4: TRABELSI, Khalil | C4: G701090 | D4: 46044.67 | E4: 46174.525 | F4: Serveur | G4: 3 | H4: 1 x Serveur : 0 USD Titre : RMM08469 Décommissionnement Action : Décommissionnement Nom du serveur (recherche par nom ou IP) : rmm08469 Serveur non trouvé dans la liste ci-dessus : 0 Date d'arrêt : 28/02/2026 Besoin d'une sauvegarde : Oui | I4: Sortie inventaire Suppression de l'ip effectuée sur IPAM et firewalls Suppression de l'ip effectuée sur IPAM et firewalls --> RMM08469,10.81.130.37 | K4: Tunisie/Megrine | L4: G_IT_INFRA_BLB | M4: G_IT_SC_ASKIT | N4: G_IT_INFRA_BLB | O4: GAUTREAU, Fabien | P4: G_IT_INFRA_BLB | Q4: Terminé | R4: 10.622222 | S4: Clôturé | T4: WF_REQ_IT_SERVER_FOR_APPS_V13+ETL
A5: S260122_330 | B5: TRABELSI, Khalil | C5: G701090 | D5: 46044.679 | E5: 46174.525 | F5: Serveur | G5: 3 | H5: 1 x Serveur : 0 USD Titre : RMM08461 Decommissionnement Action : Décommissionnement Nom du serveur (recherche par nom ou IP) : rmm08461 Serveur non trouvé dans la liste ci-dessus : 0 Date d'arrêt : 28/02/2026 Besoin d'une sauvegarde : Oui | I5: Service migré sur blb28012.ads.local Sortie Inventaire / PMAD Suppression de l'ip effectuée sur IPAM et firewalls Reutilisation de l'IPGarde le nom pour compatibilité applicative | K5: Tunisie/Megrine | L5: G_IT_INFRA_BLB | M5: G_IT_SC_ASKIT | N5: G_IT_INFRA_BLB | O5: GAUTREAU, Fabien | P5: G_IT_INFRA_BLB | Q5: Terminé | R5: 11.638889 | S5: Clôturé | T5: WF_REQ_IT_SERVER_FOR_APPS_V13+ETL
A6: S260122_335 | B6: TRABELSI, Khalil | C6: G701090 | D6: 46044.682 | E6: 46174.521 | F6: Serveur | G6: 3 | H6: 1 x Serveur : 0 USD Titre : RMM08467 Decommissionnement Action : Décommissionnement Nom du serveur (recherche par nom ou IP) : rmm08467 Serveur non trouvé dans la liste ci-dessus : 0 Date d'arrêt : 28/02/2026 Besoin d'une sauvegarde : Oui | I6: Sortie Inventire Sortie inventaire Suppression de l'ip effectuée sur IPAM et firewalls sur l'ip du serveur RMM08467,10.81.130.39 Suppression de l'ip effectuée sur IPAM et firewalls sur l'ip du serveur RMM08467,10.81.130.39 | K6: Tunisie/Megrine | L6: G_IT_INFRA_BLB | M6: G_IT_SC_ASKIT | N6: G_IT_INFRA_BLB | O6: GAUTREAU, Fabien | P6: G_IT_INFRA_BLB | Q6: Terminé | R6: 11.975 | S6: Clôturé | T6: WF_REQ_IT_SERVER_FOR_APPS_V13+ETL
A7: S260213_180 | B7: HAYOUNI, Mahdi | C7: G800063 | D7: 46066.602 | E7: 46196.425 | F7: PC accessoires | G7: 3 | H7: 1 x PC accessoires : 0 EUR1 x Filtre de confidentialité : 27 USD1 x Câble de sécurité : 13.04 USD1 x Sac à dos Laptop : 16.7 EURN° étiquette du PC (ou modèle) : 1313572Autres accessoires : NonCentre de coût : S250300 | I7: demande annulée | K7: Tunisie/Kram | L7: G_IT_DESKTOP_KRM | N7: G_IT_DESKTOP_KRM | O7: GARRAWI, Sana | P7: G_IT_DESKTOP_KRM | Q7: Terminé | R7: 3.2493056 | S7: Clôturé | T7: WF_REQ_GENERIC_V6.1
A8: S260217_048 | B8: GANNOUN, Yosra | C8: G800721 | D8: 46070.417 | E8: 46176.5 | F8: Licence Github Copilot (Code Assist) | G8: 2 | H8: 1 x Licence Github Copilot (Code Assist) : 0 EURBU : AETGroupe : COPILOT_MEMBER_AET-CompteurModuleCommunCombien de fois pensez-vous utiliser cette licence par mois? : 20Justification : j'ai besoin de çaCentre de coût : S250300 | I8: Bonjour, Le groupe a été ajouté. Merci de patienter le temps de synchronisation 2-4h. Cordialement, | K8: Tunisie/Kram | L8: G_IT_HELP_DESK | N8: G_IT_HELP_DESK | O8: MAFTEI, Anastasia | P8: G_IT_HELP_DESK | Q8: Terminé | R8: 33.333333 | S8: Clôturé | T8: WF_REQ_GENERIC_V6.1
A9: S260305_264 | B9: SEBRI, Mohamed | C9: G800557 | D9: 46086.651 | E9: 46195.409 | F9: Mémoire | G9: 3 | H9: 1 x Mémoire : 60 EURAjout de : 8 GoType d'UC : FixeN° étiquette du PC (ou modèle) : P1309758Centre de coût : S250300 | I9: @équipe IT : merci d'intervenir à contacter MCHITA Karim en cas de besoin matériels Bonjour ;Demande traité.Changement du desktop effectué selon votre besoin.Cordialement. | K9: Tunisie/Sousse | L9: G_IT_DESKTOP_SST | N9: G_IT_DESKTOP_QSO | O9: MFARREJ, Yosri | P9: G_IT_DESKTOP_SST | Q9: Terminé | R9: 1.4013889 | S9: Clôturé | T9: WF_REQ_GENERIC_V6.1
A10: S260309_219 | B10: CHAABENE, Fatma Ezzahra | C10: G361225 | D10: 46090.556 | E10: 46191.409 | F10: Installation réseau ou téléphone fixe | G10: 3 | H10: 1 x Installation réseau ou téléphone fixe : 0 EURDemande Réseau ou Téléphonie : RéseauBesoin extention cablage reseau : ATRdésignation : Bonjour, Serait-il possible stp de configurer le port réseau D1433 avec le réseau sagemcom ? Merci! Cordialement, Fatma | I10: Bonjour, Demande traitée. Cdt, Bonjour Demande annulé cdt | K10: Tunisie/Megrine | L10: G_IT_NETWORK_SST | N10: G_IT_NETWORK_SST | O10: GHAZOUANI, Hachem | P10: G_IT_NETWORK_SST | Q10: Terminé | R10: 30.916667 | S10: Clôturé | T10: WF_REQ_GENERIC_V6.1
A11: S260317_197 | B11: MHAMDI, Seifeddine | C11: G701066 | D11: 46098.485 | E11: 46197.319 | F11: Gestion des flux | G11: 2 | H11: 1 x Gestion des flux : 0 EURTitre : Ouverture Flux RTS BBS pour les Scans sonde R7Action demandée : CréationProjet/Application : Scan RTS BBS via Sonde Rapid7Service/CI associé au serveur : SST_INFRA_NETWORK_SISite destination : SST (Tunisie/Megrine)Adresses IP sources : 10.206.249.239Adresses IP destination : ALL IPs RTS BBSPort destination : TCP:22,80,443,445,3389,135 | TCP:49152-65535 | UDP:53,161 | ICMPMatrice de flux : Matrice_de_Flux_SCan RTS R7.xlsx | K11: Tunisie/Megrine | L11: G_IT_NETWORK_BLB | N11: G_IT_SECURITY | O11: MAALOUL, Wallid | P11: G_IT_NETWORK_BLB | Q11: Terminé | R11: 16.636806 | S11: Clôturé | T11: WF_REQ_GENERIC_V6.1
A12: S260331_202 | B12: SEBOUI, Ahmed | C12: G551617 | D12: 46112.619 | E12: 46203.364 | F12: PC accessoires | G12: 2 | H12: 1 x PC accessoires : 0 EURN° étiquette du PC (ou modèle) : dellAutres accessoires : OuiAutre (préciser l'équipement et la taille) : ecran 27"Centre de coût : S250300 | I12: Bonjour,Demande est disponible veuillez passer au bureau IT Cdt, | K12: Tunisie/Kram | L12: G_IT_DESKTOP_KRM | N12: G_IT_DESKTOP_KRM | O12: DRIDI, Rimeh | P12: G_IT_DESKTOP_KRM | Q12: Terminé | R12: 2.3236111 | S12: Clôturé | T12: WF_REQ_GENERIC_V6.1
A13: S260407_122 | B13: GHAZOUANI, Hachem | C13: G551106 | D13: 46119.438 | E13: 46183.594 | F13: Serveur | G13: 3 | H13: 1 x Serveur : USD Titre : Free-radius -QSO Action : Création Service/CI associé au serveur : SST_INFRA_NETWORK_SI Description serveur : vm freeradius-QSO Hébergement du serveur : Sur site distant Localisation : SST - Megrine/Sousse Type de serveur : Virtuel (VM) Nature du serveur : PROD Système d'exploitation du serveur : Debian 12 Espace disque du serveur (en Go) : 50GB RAM Serveur (en Go) : 6 Nombre de processeur et modèle pour serveur : 4 Date de mise en œuvre souhaitée : 07/04/2026 Temps d’interruption maximal pour des opérations de maintenance : 5 min Besoin réseau : Accès uniquement par Sagemcom Matrice de flux : 92633 Besoin en supervision : Oui Besoin en sauvegarde : Oui Description de ce qui doit être sauvegardé : vm freeradius- QSO Besoin d'une seconde sauvegarde sur un site distinct de Bois-Colombes : Non Besoin d'un alias DNS (à créer ou modifier) : Non Besoin certificat HTTPS : Oui Besoin d'envoyer des mails via nos passerelles SMTP : Non Responsable applicatif : BEHI, Walid - G361185 Contact technique : BEHI, Walid - G361185 Contact mainteneur : BEHI, Walid - G361185 Expression du besoin : Dans le cadre de la sécurisation de l'authentification vers les switch reseau, on passe par le serveur radius pour faire l'authetification Nom du serveur : QSO18012 Modèle : VMware Virtual Platform IP serveur : 10.208.246.218 Netmask : 10.208.246.1 Gateway : 255.255.255.0 Nouveau VLAN : Non VLAN : 246 | I13: QSO18012 la nouvelle IP : 10.208.246.218 Le flux Phoenix est déjà ouvert depuis QSO vers BLB | K13: Tunisie/Megrine | L13: G_IT_INFRA_BLB | N13: G_DSSI | O13: POPEA, Ionel | P13: G_IT_INFRA_BLB | Q13: Terminé | R13: 15.759722 | S13: Clôturé | T13: WF_REQ_IT_SERVER_FOR_APPS_V14
A14: S260410_126 | B14: BEN MASSOUD, Mahdi | C14: G701622 | D14: 46122.524 | E14: 46175.338 | F14: Accès Distant Sagemcom | G14: 3 | H14: 1 x Accès Distant Sagemcom : 0 EURChoix de l'OS : Linux | I14: Accepter Pour accepter la demande, cliquez simplement sur le bouton d'envoi de ce mail. Ne modifiez pas le texte ci dessous @OPERATION@='SOLVE' @RFC_NUMBER@='S260410_126' @CHOICE@='1' Rachid BRAHMI Administrateur Réseaux, Direction des Systèmes d’Information Adresse postale : 4 Allée des Messageries, 92270 Bois-Colombes Adresse de livraison : Sagemcom chez ExcelCourses, 50 rue Ardoin – Bat B / lot 552, 93400 Saint-Ouen-sur-Seine Tél. : +33 (0)1 57 61 17 29 | Mobile : +33 (0)6 07 56 42 39 Suivez-nous : | K14: Tunisie/Megrine | L14: G_IT_NETWORK_ADSL | N14: G_IT_NETWORK_PEGASE | O14: BRAHMI, Rachid | P14: G_IT_NETWORK_ADSL | Q14: Terminé | R14: 15.678472 | S14: Clôturé | T14: WF_REQ_GENERIC_V6.1
A15: S260413_049 | B15: OTHMANI, Mohamed Seddik | C15: G801204 | D15: 46125.391 | E15: 46174.363 | F15: Souris | G15: 3 | H15: 1 x Souris : 0 EUR1 x Souris filaire : 9.43 EURCentre de coût : S250300 | I15: Accepter Pour accepter la demande, cliquez simplement sur le bouton d'envoi de ce mail. Ne modifiez pas le texte ci dessous @OPERATION@='SOLVE' @RFC_NUMBER@='S260413_049' @CHOICE@='1' Téléchargez Outlook pour iOS Bonjour ,Demande traité.Cordialement | K15: Tunisie/Sousse | L15: G_IT_DESKTOP_QSO | N15: G_IT_DESKTOP_QSO | O15: MFARREJ, Yosri | P15: G_IT_DESKTOP_QSO | Q15: Terminé | R15: 15.285417 | S15: Clôturé | T15: WF_REQ_GENERIC_V6.1
A16: S260413_157 | B16: AZAIEZ, Mohamed | C16: G545769 | D16: 46125.493 | E16: 46175.454 | F16: PC accessoires | G16: 2 | H16: 1 x PC accessoires : 0 EUR1 x Sac à dos Laptop : 16.7 EURN° étiquette du PC (ou modèle) : P1313259Autres accessoires : NonCentre de coût : S250201 | I16: @équipe IT : si le stock est épuisé, merci de contacter BEN MANSOUR Hakim pour lancer une demande d'achat Bonjour,Demande bien traitéCordialement. | K16: Tunisie/Megrine | L16: G_IT_DESKTOP_SST | N16: G_IT_DESKTOP_SST | O16: ADOUKA, Mohamed | P16: G_IT_DESKTOP_SST | Q16: Terminé | R16: 15.711111 | S16: Clôturé | T16: WF_REQ_GENERIC_V6.1
A17: S260415_239 | B17: HAMMOUDA, Imen | C17: G361243 | D17: 46127.63 | E17: 46195.477 | F17: PC Laptop | G17: 3 | H17: 2 x PC Laptop : 0 EUR2 x Laptop standard : 1596.48 USD2 x Aucun écran : USD2 x Câble de sécurité : 26.08 USD2 x Filtre de confidentialité : 54 USD2 x Sac à dos Laptop : 33.4 EURType : Intégré au domaine SagemcomConfiguration : Configuration développementOS : Socle (Linux domaine sagemcom)Clavier : AZERTYCentre de coût : S250205Email de validation de son DIR pôle à joindre : test.txt | I17: @équipe IT : on a recu l approbation de Mehdi merci de procéder à la préparation des pcs bonjourles 2 laptops Khalil et Oussama sont dispo S/N:FFSJQG3 , 57ZPQG3l'os : socle 12cordialement | K17: Tunisie/Megrine | L17: G_IT_DESKTOP_SST | N17: G_IT_DESKTOP_SST | O17: BOUFAHJA, Kamel | P17: G_IT_DESKTOP_SST | Q17: Terminé | R17: 16.66875 | S17: Clôturé | T17: WF_REQ_GENERIC_V6.1
A18: S260420_339 | B18: TRIGUI, Yassine | C18: G800129 | D18: 46132.708 | E18: 46176.499 | F18: Licence Github Copilot (Code Assist) | G18: 2 | H18: 1 x Licence Github Copilot (Code Assist) : 0 EURBU : AETGroupe : COPILOT_MEMBER_AET-CompteurModuleCommunCombien de fois pensez-vous utiliser cette licence par mois? : 30Justification : en tant qu'ingénieur embarquer j'aurais besoin de copilot pour mes quotidiens pour:-comprendre de spécifications techniques-Améliorer et optimiser la qualité du code-faire de revues techniques-pour la documentation et emailsCentre de coût : S250300 | I18: Bonjour, Le groupe a été ajouté. Merci de patienter le temps de synchronisation 2-4h. Cordialement, | K18: Tunisie/Kram | L18: G_IT_HELP_DESK | N18: G_IT_HELP_DESK | O18: MAFTEI, Anastasia | P18: G_IT_HELP_DESK | Q18: Terminé | R18: 13.790972 | S18: Clôturé | T18: WF_REQ_GENERIC_V6.1
A19: S260430_144 | B19: HAOUEL, Jihen | C19: G361301 | D19: 46142.477 | E19: 46192.659 | F19: PC Laptop | G19: 2 | H19: 1 x PC Laptop : 0 EUR1 x Laptop standard : 798.24 USD1 x Aucun écran : USD1 x Filtre de confidentialité : 27 USD1 x Aucun sac : EURType : Intégré au domaine SagemcomConfiguration : Configuration développementOS : WindowsClavier : AZERTYCentre de coût : S250300Email de validation de son DIR pôle à joindre : OK-PC.jpg | I19: Bonjour,Demande traitée IMMO: p1313586Modèle:Dell Pro 14 (PC14250) XCTO Base - i5OS: windows 11Cdt, | K19: Tunisie/Kram | L19: G_IT_DESKTOP_KRM | N19: G_IT_DESKTOP_KRM | O19: DRIDI, Rimeh | P19: G_IT_DESKTOP_KRM | Q19: Terminé | R19: 15.932639 | S19: Clôturé | T19: WF_REQ_GENERIC_V6.1
A20: S260504_156 | B20: GHAZOUANI, Hachem | C20: G551106 | D20: 46146.485 | E20: 46181.598 | F20: Serveur | G20: 3 | H20: 1 x Serveur : USD1 x Serveur : USD Titre : suppression des vm Action : Décommissionnement Serveur non trouvé dans la liste ci-dessus : 1 Nom du serveur : SST13001.ADS.LOCAL ;KRM13001.ADS.LOCAL Date d'arrêt : 04/05/2026 Besoin d'une sauvegarde : Non Expression du besoin : vm Bonjourmerci de supprimer ces deux vmcdt | I20: Je laisse Jamel géré le process et la sortie dans openaudit (Retired) ​suppresion des VMs Ok + désactivation des services SI a { text-decoration: none; color: #464feb; }tr th, tr td { border: 1px solid #e6e6e6; }tr th { background-color: #f5f5f5; }a { text-decoration: none; color: #464feb; }tr th, tr td { border: 1px solid #e6e6e6; }tr th { background-color: #f5f5f5; }Arrêt de sauvegarde ok Sortie inventaire et PMAD RAS sur IPAM et firewalls RAS sur IPAM et firewalls RAS sur IPAM et firewalls | K20: Tunisie/Megrine | L20: G_IT_INFRA_KRM | N20: G_IT_NETWORK_KRM | O20: GHAZOUANI, Hachem | P20: G_IT_INFRA_KRM | Q20: Terminé | R20: 10.6125 | S20: Clôturé | T20: WF_REQ_IT_SERVER_FOR_APPS_V14
A21: S260504_190 | B21: CHEBBI, Mohamed | C21: G545453 | D21: 46146.53 | E21: 46175.431 | F21: PC Desktop | G21: 2 | H21: 1 x PC Desktop : 0 USD1 x Desktop Dev. ++ : 2486 USD1 x Aucun écran : USDType : Intégré au domaine SagemcomConfiguration : Configuration androidOS : Socle (Linux domaine sagemcom)Clavier : AZERTYCentre de coût : S250201Email de validation de son DIR pôle à joindre : Re Dell Pro Max Tower T2 ( U7 64GB + 3TB SSD ).msg | I21: Bonjour,Demande bien traité,Desktop P1313541 OS : Socle 12Cordialement. | K21: Tunisie/Megrine | L21: G_IT_DESKTOP_SST | N21: G_IT_DESKTOP_SST | O21: ADOUKA, Mohamed | P21: G_IT_DESKTOP_SST | Q21: Terminé | R21: 7.9076389 | S21: Clôturé | T21: WF_REQ_GENERIC_V6.1
A22: S260504_215 | B22: FANDOULI, Islem | C22: G361489 | D22: 46146.594 | E22: 46178.626 | F22: PC Desktop | G22: 3 | H22: 1 x PC Desktop : 0 USD1 x Desktop reconditionné : USD1 x Aucun écran : USDType : TestConfiguration : Configuration validationOS : WindowsClavier : AZERTYCentre de coût : S250200Email de validation de son DIR pôle à joindre : Capture d'écran 2026-05-04 154641.png | I22: Bonjour, Ce modèle de desktop P1307074 ( optiplex 7020 ) n'est pas compatible avec windows 11,il faut que vous avoir l'accord de directeur pole BBS MASMOUDI Oussema pour obtenir un nouveau desktop compatible avec windows 11,Sinon, si cela vous convient, nous pouvons le migrer vers Ubuntu 24.04. Cordialement. | K22: Tunisie/Megrine | L22: G_IT_DESKTOP_SST | N22: G_IT_DESKTOP_SST | O22: ADOUKA, Mohamed | P22: G_IT_DESKTOP_SST | Q22: Terminé | R22: 7.2951389 | S22: Clôturé | T22: WF_REQ_GENERIC_V6.1
A23: S260507_112 | B23: BENNACEUR, Anwar | C23: G361542 | D23: 46149.428 | E23: 46185.427 | F23: Accès Distant Sagemcom | G23: 3 | H23: 1 x Accès Distant Sagemcom : 0 EURChoix de l'OS : Windows | I23: Accepter Pour accepter la demande, cliquez simplement sur le bouton d'envoi de ce mail. Ne modifiez pas le texte ci dessous @OPERATION@='SOLVE' @RFC_NUMBER@='S260507_112' @CHOICE@='1' Rachid BRAHMI Administrateur Réseaux, Direction des Systèmes d’Information Adresse postale : 4 Allée des Messageries, 92270 Bois-Colombes Adresse de livraison : Sagemcom chez ExcelCourses, 50 rue Ardoin – Bat B / lot 552, 93400 Saint-Ouen-sur-Seine Tél. : +33 (0)1 57 61 17 29 | Mobile : +33 (0)6 07 56 42 39 Suivez-nous : | K23: Tunisie/Kram | L23: G_IT_NETWORK_ADSL | N23: G_IT_NETWORK_PEGASE | O23: BRAHMI, Rachid | P23: G_IT_NETWORK_ADSL | Q23: Terminé | R23: 11.373611 | S23: Clôturé | T23: WF_REQ_GENERIC_V6.1
... A27: S260511_207 | B27: YOUNSI, Badreddine | C27: G573177 | D27: 46153.598 | E27: 46178.627 | F27: Imprimantes & copieurs | G27: 3 | H27: 1 x Imprimantes & copieurs : 0 EUR | I27: Accepter Pour accepter la demande, cliquez simplement sur le bouton d'envoi de ce mail. Ne modifiez pas le texte ci dessous @OPERATION@='SOLVE' @RFC_NUMBER@='S260511_207' @CHOICE@='1' Ayada Hassine Responsable Qualité Environnement SS&T / Responsable bureau d’etude SS&T 2-Information Interne Sagemcom – Interdiction de communiquer en externe sans autorisation de la direction concernée - Ce document et les informations qu’il contient sont la propriété de Sagemcom. Ils ne doivent pas être reproduits, représentés, divulgués à un/des tiers, ni utilisés à d’autres fins que celles pour lesquelles ils ont été établis et transmis. Bonjour,Demande clôturer,Pas de retour de votre partLorsque tu seras disponible veuillez m'inviter sur orion.sagemcom.com pour faire le nécessaire.Cordialement. | K27: Tunisie/Megrine | L27: G_IT_DESKTOP_KRM | N27: G_IT_DESKTOP_SST | O27: ADOUKA, Mohamed | P27: G_IT_DESKTOP_KRM | Q27: Terminé | R27: 5.86875 | S27: Clôturé | T27: WF_REQ_DESKTOP_TUN_FOR_APPS_V6
A28: S260511_277 | B28: AMRI, Ahmed | C28: G801259 | D28: 46153.696 | E28: 46183.616 | F28: Accès à un partage réseau | G28: 3 | H28: 1 x Accès à un partage réseau : 0 EURLien du partage : \\osn01001\Comptage\Projets\Métier-Mecanique\3-Compteurs\16_Compteurs ExportDroits : Lecture/Ecriture | K28: Tunisie/Kram | L28: G_IT_INFRA_KRM | N28: G_IT_INFRA_BLB | O28: MAURICE, Alexandre | P28: G_IT_INFRA_KRM | Q28: Terminé | R28: 9.5451389 | S28: Clôturé | T28: WF_REQ_GENERIC_V6.1
A29: S260511_279 | B29: AMRI, Ahmed | C29: G801259 | D29: 46153.697 | E29: 46182.389 | F29: Accès à un partage réseau | G29: 3 | H29: 1 x Accès à un partage réseau : 0 EURLien du partage : \\krm03002\InterfaceGitisDroits : Lecture/Ecriture | K29: Tunisie/Kram | L29: G_IT_INFRA_KRM | N29: G_IT_INFRA_KRM | O29: BEN MAHMOUD, Arij | P29: G_IT_INFRA_KRM | Q29: Terminé | R29: 8.8791667 | S29: Clôturé | T29: WF_REQ_GENERIC_V6.1
A30: S260511_280 | B30: AMRI, Ahmed | C30: G801259 | D30: 46153.698 | E30: 46183.613 | F30: Accès à un partage réseau | G30: 3 | H30: 1 x Accès à un partage réseau : 0 EURLien du partage : \\rmm03331\Biblioth_EEVX213\DXF_cellsDroits : Lecture/Ecriture | K30: Tunisie/Kram | L30: G_IT_INFRA_KRM | N30: G_IT_INFRA_BLB | O30: MAURICE, Alexandre | P30: G_IT_INFRA_KRM | Q30: Terminé | R30: 9.5402778 | S30: Clôturé | T30: WF_REQ_GENERIC_V6.1
A31: S260511_285 | B31: AMRI, Ahmed | C31: G801259 | D31: 46153.702 | E31: 46182.39 | F31: Groupes AD | G31: 2 | H31: 1 x Groupes AD : 0 EURAction : AffectationGroupe(s) : SST-FW-CAO-PTC ; SST-CAO-PTC-FULLUtilisateur additionnel 1 : AMRI, Ahmed | K31: Tunisie/Kram | L31: G_IT_HELP_DESK | N31: G_IT_INFRA_KRM | O31: BEN MAHMOUD, Arij | P31: G_IT_HELP_DESK | Q31: Terminé | R31: 9.3131944 | S31: Clôturé | T31: WF_REQ_GENERIC_V6.1
A32: S260512_185 | B32: HAMMOUDA, Imen | C32: G361243 | D32: 46154.557 | E32: 46175.305 | F32: Serveur | G32: 3 | H32: 1 x Serveur : 0 USD Titre : VM MIGRATION COORD TNB VAL Action : Création Service/CI associé au serveur : COORDINATEUR_1G_TNB Description serveur : Coordinateur VAL 1G VAL Hébergement du serveur : Central (BLB) Type de serveur : Virtuel (VM) Nature du serveur : VAL Système d'exploitation du serveur : Debian 13 Espace disque du serveur (en Go) : 10 GO sous /home & 10 GO sous /var RAM Serveur (en Go) : 4 GO Nombre de processeur et modèle pour serveur : ' Date de mise en œuvre souhaitée : 22/05/2026 Besoin réseau : Accès uniquement par Sagemcom Matrice de flux : 95114 Besoin en supervision : Oui Besoin en sauvegarde : Oui Description de ce qui doit être sauvegardé : sauvegarde machine Besoin d'un alias DNS (à créer ou modifier) : Non Besoin certificat HTTPS : Non Besoin d'envoyer des mails via nos passerelles SMTP : Oui Responsable applicatif : TALMOUDI, Abdelkader - G603655 Contact technique : HAMMOUDA, Imen - G361243 Contact mainteneur : MKADDEM, Oussama - G701089 Expression du besoin : Bonjour, Pouvez-vous créer cette machine dans le VLAN: DMZ_Privee VLAN 922. la machine va remplacer RMM08194, elle doit être dans le même VLAN. Cordialement, Imen. Nom du serveur : BLB29032 Modèle : VMware Virtual Platform IP serveur : 10.81.130.162 Netmask : 255.255.255.248 Gateway : 10.81.130.161 Nouveau VLAN : Oui VLAN : 3254 | I32: • IP address: 10.81.130.162/29• Description: VM Coordinateur VAL 1G VAL• Hostname: BLB29032• Subnet: 10.81.130.160/29 (DMZ Projet - TNB)• Netmask: 255.255.255.248• Gateway: 10.81.130.161• VLAN ID: 3254 (DMZ Projet - TNB) Flux en cours d'élaboration avec le switch d'ip FAIT par Marwa en date du 20 mai 2026 https://rmm-infra-gitlab.ads.local/infra/vm-deployment/linux/debian-deployment/-/pipelines/6950 Accès PMAD créé | K32: Tunisie/Megrine | L32: G_IT_INFRA_BLB | N32: G_DSSI | O32: POPEA, Ionel | P32: G_IT_INFRA_BLB | Q32: Terminé | R32: 4.36875 | S32: Clôturé | T32: WF_REQ_IT_SERVER_FOR_APPS_V14
A33: S260512_187 | B33: HAMMOUDA, Imen | C33: G361243 | D33: 46154.562 | E33: 46177.454 | F33: Serveur | G33: 3 | H33: 1 x Serveur : 0 USD Titre : VM MIGRATION COORD TNB PROD Action : Création Service/CI associé au serveur : COORDINATEUR_1G_TNB Description serveur : coordinateur PROD 1G TNB Hébergement du serveur : Central (BLB) Type de serveur : Virtuel (VM) Nature du serveur : PROD Système d'exploitation du serveur : Debian 13 Espace disque du serveur (en Go) : 20 GO sous la partion /home + 80 GO pour la partition /var RAM Serveur (en Go) : 4 GO Nombre de processeur et modèle pour serveur : 4 GO Date de mise en œuvre souhaitée : 22/05/2026 Besoin réseau : Accès uniquement par Sagemcom Matrice de flux : 95115 Besoin en supervision : Oui Besoin en sauvegarde : Oui Description de ce qui doit être sauvegardé : sauvegarde machine Besoin d'une seconde sauvegarde sur un site distinct de Bois-Colombes : Non Besoin d'un alias DNS (à créer ou modifier) : Non Besoin certificat HTTPS : Non Besoin d'envoyer des mails via nos passerelles SMTP : Oui Responsable applicatif : TALMOUDI, Abdelkader - G603655 Contact technique : HAMMOUDA, Imen - G361243 Contact mainteneur : MKADDEM, Oussama - G701089 Expression du besoin : Bonjour, Pouvez-vous créer cette machine dans le VLAN: DMZ_Privee VLAN 922. la machine va remplacer RMM08195, elle doit être dans le même VLAN. Cordialement, Imen. Nom du serveur : BLB28067 Modèle : VMware Virtual Platform IP serveur : 10.81.130.163 Netmask : 255.255.255.248 Gateway : 10.81.130.161 Nouveau VLAN : Non VLAN : 3254 | I33: • IP address: 10.81.130.163/29• Description: VM de prod coordinateur 1G TNB• Hostname: BLB28067• Subnet: 10.81.130.160/29 (DMZ Projet - TNB)• Netmask: 255.255.255.248• Gateway: 10.81.130.161• VLAN ID: 3254 (DMZ Projet - TNB) Flux inter VLAN ouvert comme pour l'ip d'origine. Pour les flux intra vlan merci de les recenser et ouvrir une demande d'ouverture de flux pour ces derniers Accès PMAD | K33: Tunisie/Megrine | L33: G_IT_INFRA_BLB | N33: G_DSSI | O33: POPEA, Ionel | P33: G_IT_INFRA_BLB | Q33: Terminé | R33: 5.3590278 | S33: Clôturé | T33: WF_REQ_IT_SERVER_FOR_APPS_V14
A34: S260512_189 | B34: HAMMOUDA, Imen | C34: G361243 | D34: 46154.567 | E34: 46176.437 | F34: Serveur | G34: 3 | H34: 1 x Serveur : 0 USD Titre : VM MIGRATION COORD ENEXIS VAL Action : Création Service/CI associé au serveur : COORDINATEUR_1G_ENEXIS Description serveur : coordinateur VAL 1G ENEXIS Hébergement du serveur : Central (BLB) Type de serveur : Virtuel (VM) Nature du serveur : VAL Système d'exploitation du serveur : Debian 13 Espace disque du serveur (en Go) : 10 GO sous /home + 10 GO sous /var RAM Serveur (en Go) : 4 GO Nombre de processeur et modèle pour serveur : 4 Date de mise en œuvre souhaitée : 15/05/2026 Besoin réseau : Accès uniquement par Sagemcom Matrice de flux : 95116 Besoin en supervision : Oui Besoin en sauvegarde : Oui Description de ce qui doit être sauvegardé : sauvegarde machine Besoin d'un alias DNS (à créer ou modifier) : Non Besoin certificat HTTPS : Non Besoin d'envoyer des mails via nos passerelles SMTP : Oui Responsable applicatif : TALMOUDI, Abdelkader - G603655 Contact technique : HAMMOUDA, Imen - G361243 Contact mainteneur : MKADDEM, Oussama - G701089 Expression du besoin : Bonjour, Pouvez-vous créer cette machine dans le VLAN: DMZ_Privee VLAN 922. la machine va remplacer RMM08189, elle doit être dans le même VLAN. Cordialement, Imen. Nom du serveur : BLB29031 Modèle : VMware Virtual Platform IP serveur : 10.81.130.154 Netmask : 255.255.255.248 Gateway : 10.81.130.153 Nouveau VLAN : Oui VLAN : 3253 | I34: • IP address: 10.81.130.154/29• Description: VM de prod COORDINATEUR_1G_ENEXIS• Hostname: BLB29031• Subnet: 10.81.130.152/29 (DMZ Projet - Enexis)• Netmask: 255.255.255.248• VLAN ID: 3253 (DMZ Projet - Enexis) Matrice des flux en cours d'élaboration FAIT par Marwa en date du 20 mai 2026 Accès PMAD Phoenix créé | K34: Tunisie/Megrine | L34: G_IT_INFRA_BLB | N34: G_DSSI | O34: POPEA, Ionel | P34: G_IT_INFRA_BLB | Q34: Terminé | R34: 4.9 | S34: Clôturé | T34: WF_REQ_IT_SERVER_FOR_APPS_V14
A35: S260512_192 | B35: HAMMOUDA, Imen | C35: G361243 | D35: 46154.569 | E35: 46175.304 | F35: Serveur | G35: 3 | H35: 1 x Serveur : 0 USD Titre : VM MIGRATION COORD ENEXIS PROD Action : Création Service/CI associé au serveur : COORDINATEUR_1G_ENEXIS Description serveur : Coordinateur PROD 1G ENEXIS Hébergement du serveur : Central (BLB) Type de serveur : Virtuel (VM) Nature du serveur : PROD Système d'exploitation du serveur : Debian 13 Espace disque du serveur (en Go) : 70 GO sous /home + 200 GO sous /var RAM Serveur (en Go) : 8 GO Nombre de processeur et modèle pour serveur : 4 Date de mise en œuvre souhaitée : 15/05/2026 Besoin réseau : Accès uniquement par Sagemcom Matrice de flux : 95117 Besoin en supervision : Oui Besoin en sauvegarde : Oui Description de ce qui doit être sauvegardé : sauvegarde machine Besoin d'une seconde sauvegarde sur un site distinct de Bois-Colombes : Non Besoin d'un alias DNS (à créer ou modifier) : Non Besoin certificat HTTPS : Non Besoin d'envoyer des mails via nos passerelles SMTP : Oui Responsable applicatif : TALMOUDI, Abdelkader - G603655 Contact technique : HAMMOUDA, Imen - G361243 Contact mainteneur : MKADDEM, Oussama - G701089 Expression du besoin : Bonjour, Pouvez-vous créer cette machine dans le VLAN: DMZ_Privee VLAN 922. la machine va remplacer RMM08182, elle doit être dans le même VLAN. Cordialement, Imen. Nom du serveur : BLB28066 Modèle : VMware Virtual Platform IP serveur : 10.81.130.155 Netmask : 255.255.255.248 Gateway : 10.81.130.153 Nouveau VLAN : Non VLAN : 3253 | I35: • IP address: 10.81.130.155/29• Description: VM de PROD Coordinateur 1G ENEXIS• Hostname: BLB28066• Subnet: 10.81.130.152/29 (DMZ Projet - Enexis)• Netmask: 255.255.255.248• VLAN ID: 3253 (DMZ Projet - Enexis) Flux inter VLAN ouvert comme pour l'ip d'origine. Pour les flux intra vlan merci de les recenser et ouvrir une demande d'ouverture de flux pour ces derniers Accès PMAD créé | K35: Tunisie/Megrine | L35: G_IT_INFRA_BLB | N35: G_DSSI | O35: POPEA, Ionel | P35: G_IT_INFRA_BLB | Q35: Terminé | R35: 4.35625 | S35: Clôturé | T35: WF_REQ_IT_SERVER_FOR_APPS_V14
A36: S260512_196 | B36: HAMMOUDA, Imen | C36: G361243 | D36: 46154.574 | E36: 46182.409 | F36: Serveur | G36: 3 | H36: 1 x Serveur : 0 USD Titre : VM MIGRATION COORD SIBELGA VAL Action : Création Service/CI associé au serveur : COORDINATEUR_1G_SIBELGA Description serveur : coordinateur VAL 1G SIBELGA Hébergement du serveur : Central (BLB) Type de serveur : Virtuel (VM) Nature du serveur : VAL Système d'exploitation du serveur : Debian 13 Espace disque du serveur (en Go) : 10 GO sous /home + 10 GO sous /var RAM Serveur (en Go) : 4 GO Nombre de processeur et modèle pour serveur : 4 Date de mise en œuvre souhaitée : 15/05/2026 Besoin réseau : Accès uniquement par Sagemcom Matrice de flux : 95118 Besoin en supervision : Oui Besoin en sauvegarde : Oui Description de ce qui doit être sauvegardé : sauvegarde machine Besoin d'un alias DNS (à créer ou modifier) : Non Besoin certificat HTTPS : Non Besoin d'envoyer des mails via nos passerelles SMTP : Oui Responsable applicatif : TALMOUDI, Abdelkader - G603655 Contact technique : HAMMOUDA, Imen - G361243 Contact mainteneur : MKADDEM, Oussama - G701089 Expression du besoin : Bonjour, Pouvez-vous créer cette machine dans le VLAN: DMZ_Privee VLAN 922. la machine va remplacer RMM08187, elle doit être dans le même VLAN. Cordialement, Imen Nom du serveur : BLB29030 Modèle : VMware Virtual Platform IP serveur : 10.81.130.146 Netmask : 255.255.255.248 Gateway : 10.81.130.144 Nouveau VLAN : Oui VLAN : 3252 | I36: • IP address: 10.81.130.146/29• Description: VM de prod COORDINATEUR_1G_SIBELGA• Hostname: BLB29030• Subnet: 10.81.130.144/29 (DMZ Projet - Sibelga)• Netmask: 255.255.255.248• VLAN ID: 3252 (DMZ Projet - Sibelga) Matrice de flux en cours d'élaboration FAIT par Marwa en date du 20 mai 2026 Ajout PMAD | K36: Tunisie/Megrine | L36: G_IT_INFRA_BLB | N36: G_DSSI | O36: POPEA, Ionel | P36: G_IT_INFRA_BLB | Q36: Terminé | R36: 6.6145833 | S36: Clôturé | T36: WF_REQ_IT_SERVER_FOR_APPS_V14
A37: S260512_203 | B37: HAMMOUDA, Imen | C37: G361243 | D37: 46154.581 | E37: 46175.303 | F37: Serveur | G37: 3 | H37: 1 x Serveur : 0 USD Titre : VM MIGRATION COORD SIBELGA PROD Action : Création Service/CI associé au serveur : COORDINATEUR_1G_SIBELGA Description serveur : Coordinateur PROD 1G SIBELGA Hébergement du serveur : Central (BLB) Type de serveur : Virtuel (VM) Nature du serveur : PROD Système d'exploitation du serveur : Debian 13 Espace disque du serveur (en Go) : 20 GO sous /home + 20 GO sous /var RAM Serveur (en Go) : 4 Nombre de processeur et modèle pour serveur : 4 Date de mise en œuvre souhaitée : 15/05/2026 Besoin réseau : Accès uniquement par Sagemcom Matrice de flux : 95119 Besoin en supervision : Oui Besoin en sauvegarde : Oui Description de ce qui doit être sauvegardé : sauvegarde machine Besoin d'une seconde sauvegarde sur un site distinct de Bois-Colombes : Non Besoin d'un alias DNS (à créer ou modifier) : Non Besoin certificat HTTPS : Non Besoin d'envoyer des mails via nos passerelles SMTP : Oui Responsable applicatif : TALMOUDI, Abdelkader - G603655 Contact technique : HAMMOUDA, Imen - G361243 Contact mainteneur : MKADDEM, Oussama - G701089 Expression du besoin : Bonjour, Pouvez-vous créer cette machine dans le VLAN: DMZ_Privee VLAN 922. la machine va remplacer RMM08184, elle doit être dans le même VLAN. Cordialement, Imen Nom du serveur : BLB28065 Modèle : VMware Virtual Platform IP serveur : 10.81.130.147 Netmask : 255.255.255.248 Gateway : 10.81.130.145 Nouveau VLAN : Non VLAN : 3252 | I37: • IP address: 10.81.130.147/29• Description: VM de PROD Coordinateur 1G SIBELGA• Hostname: BLB28065• Subnet: 10.81.130.144/29 (DMZ Projet - Sibelga)• Netmask: 255.255.255.248• VLAN ID: 3252 (DMZ Projet - Sibelga) Flux inter VLAN ouverts comme pour l'ip d'origine. Pour les flux intra vlan merci de les recenser et ouvrir une demande d'ouverture de flux pour ces derniers. Accès PMAD créé | K37: Tunisie/Megrine | L37: G_IT_INFRA_BLB | N37: G_DSSI | O37: POPEA, Ionel | P37: G_IT_INFRA_BLB | Q37: Terminé | R37: 4.3444444 | S37: Clôturé | T37: WF_REQ_IT_SERVER_FOR_APPS_V14
A38: S260512_247 | B38: HAMMOUDA, Imen | C38: G361243 | D38: 46154.663 | E38: 46176.434 | F38: Serveur | G38: 3 | H38: 1 x Serveur : 0 USD Titre : VM MIGRATION COORD REGAZ VAL Action : Création Service/CI associé au serveur : COORDINATEUR_1G_REGAZ_GEG Description serveur : Coordinateur VAL 1G REGAZ Hébergement du serveur : Central (BLB) Type de serveur : Virtuel (VM) Nature du serveur : VAL Système d'exploitation du serveur : Debian 13 Espace disque du serveur (en Go) : 10 GO sous /home + 10 GO sous /var RAM Serveur (en Go) : 4 GO Nombre de processeur et modèle pour serveur : 4 Date de mise en œuvre souhaitée : 22/05/2026 Besoin réseau : Accès uniquement par Sagemcom Matrice de flux : 95152 Besoin en supervision : Oui Besoin en sauvegarde : Oui Description de ce qui doit être sauvegardé : sauvegarde machine Besoin d'un alias DNS (à créer ou modifier) : Non Besoin certificat HTTPS : Non Besoin d'envoyer des mails via nos passerelles SMTP : Oui Responsable applicatif : TALMOUDI, Abdelkader - G603655 Contact technique : HAMMOUDA, Imen - G361243 Contact mainteneur : MKADDEM, Oussama - G701089 Expression du besoin : Bonjour, Pouvez-vous créer cette machine dans le VLAN: DMZ_Privee VLAN 922. la machine va remplacer RMM08408, elle doit être dans le même VLAN. Cordialement, Imen Nom du serveur : BLB29040 Modèle : VMware Virtual Platform IP serveur : 10.81.128.53 Netmask : 255.255.255.248 Gateway : 10.81.129.49 Nouveau VLAN : Non VLAN : 3006 | I38: • IP address: 10.81.128.53/29• Description: Coordinateur VAL 1G REGAZ IP TEMP• Hostname: BLB29040• Subnet: 10.81.128.48/29 (REGAZ Projet)• Netmask: 255.255.255.248• Gateway: 10.81.128.49• VLAN ID: 3006 (VLAN 3006 REGAZ) Flux déjà ouvert sur l'ip d'origine qui sera réutilisée. L'ip fournie dans le ticket est temporaire le temps de l'installation. Correction Gateway : 10.81.128.49 Accès PMAD Phoenix | K38: Tunisie/Megrine | L38: G_IT_INFRA_BLB | N38: G_DSSI | O38: POPEA, Ionel | P38: G_IT_INFRA_BLB | Q38: Terminé | R38: 4.8013889 | S38: Clôturé | T38: WF_REQ_IT_SERVER_FOR_APPS_V14
A39: S260512_255 | B39: HAMMOUDA, Imen | C39: G361243 | D39: 46154.678 | E39: 46175.302 | F39: Serveur | G39: 3 | H39: 1 x Serveur : 0 USD Titre : VM MIGRATION COORD REGAZ PROD Action : Création Service/CI associé au serveur : COORDINATEUR_1G_REGAZ_GEG Description serveur : Coordinateur PROD 1G REGAZ Hébergement du serveur : Central (BLB) Type de serveur : Virtuel (VM) Nature du serveur : PROD Système d'exploitation du serveur : Debian 13 Espace disque du serveur (en Go) : 20 GO sous /home + 60 GO sous /var RAM Serveur (en Go) : 8 Go Nombre de processeur et modèle pour serveur : 4 Date de mise en œuvre souhaitée : 22/05/2026 Besoin réseau : Accès uniquement par Sagemcom Matrice de flux : 95153 Besoin en supervision : Oui Besoin en sauvegarde : Oui Description de ce qui doit être sauvegardé : sauvegarde machine Besoin d'une seconde sauvegarde sur un site distinct de Bois-Colombes : Non Besoin d'un alias DNS (à créer ou modifier) : Non Besoin certificat HTTPS : Non Besoin d'envoyer des mails via nos passerelles SMTP : Oui Responsable applicatif : TALMOUDI, Abdelkader - G603655 Contact technique : HAMMOUDA, Imen - G361243 Contact mainteneur : MKADDEM, Oussama - G701089 Expression du besoin : Bonjour, Pouvez-vous créer cette machine dans le VLAN: DMZ_Privee VLAN 922. la machine va remplacer RMM08409, elle doit être dans le même VLAN. Cordialement, Imen Nom du serveur : BLB28064 Modèle : VMware Virtual Platform IP serveur : 10.81.128.54 Netmask : 255.255.255.248 Gateway : 10.81.128.49 Nouveau VLAN : Non VLAN : 3006 | I39: • IP address: 10.81.128.54/29• Description: VM Coordinateur PROD 1G REGAZ IP TEMP• Hostname: BLB28064• Subnet: 10.81.128.48/29 (REGAZ Projet)• Netmask: 255.255.255.248• Gateway: 10.81.128.49• VLAN ID: 3006 (VLAN 3006 REGAZ) Flux déjà ouvert sur l'ip d'origine qui sera réutilisée. L'ip fournie dans le ticket est temporaire le temps de l'installation. Accès PMAD créé | K39: Tunisie/Megrine | L39: G_IT_INFRA_BLB | N39: G_DSSI | O39: POPEA, Ionel | P39: G_IT_INFRA_BLB | Q39: Terminé | R39: 4.2479167 | S39: Clôturé | T39: WF_REQ_IT_SERVER_FOR_APPS_V14
A40: S260512_264 | B40: HAMMOUDA, Imen | C40: G361243 | D40: 46154.689 | E40: 46174.592 | F40: Serveur | G40: 3 | H40: 1 x Serveur : 0 USD Titre : VM MIGRATION COORD GAZPAR PROD Action : Création Service/CI associé au serveur : COORDINATEUR_1G_GAZPAR Description serveur : Coordinateur PROD 1G GAZPAR Hébergement du serveur : Central (BLB) Type de serveur : Virtuel (VM) Nature du serveur : PROD Système d'exploitation du serveur : Debian 13 Espace disque du serveur (en Go) : 60 GO sous /home + 160 GO sous /var RAM Serveur (en Go) : 8 Nombre de processeur et modèle pour serveur : 4 Date de mise en œuvre souhaitée : 15/06/2026 Besoin réseau : Accès uniquement par Sagemcom Matrice de flux : 95156 Besoin en supervision : Oui Besoin en sauvegarde : Oui Description de ce qui doit être sauvegardé : sauvegarde machine Besoin d'une seconde sauvegarde sur un site distinct de Bois-Colombes : Non Besoin d'un alias DNS (à créer ou modifier) : Non Besoin certificat HTTPS : Non Besoin d'envoyer des mails via nos passerelles SMTP : Oui Responsable applicatif : TALMOUDI, Abdelkader - G603655 Contact technique : HAMMOUDA, Imen - G361243 Contact mainteneur : MKADDEM, Oussama - G701089 Expression du besoin : Bonjour, Pouvez-vous créer cette machine dans le VLAN: DMZ_Privee VLAN 922. la machine va remplacer RMM08150, elle doit être dans le même VLAN. Cordialement, Imen Nom du serveur : BLB28063 Modèle : VMware Virtual Platform IP serveur : 10.81.130.187 Netmask : 255.255.255.248 Gateway : 10.81.130.185 Nouveau VLAN : Non VLAN : 3257 | I40: • IP address: 10.81.130.187/29• Description: VM de Prod Coordinateur 1G GAZPAR• Hostname: BLB28063• Subnet: 10.81.130.184/29 (DMZ Projet - Gazpar)• Netmask: 255.255.255.248• Gateway: 10.81.130.185• VLAN ID: 3257 (DMZ Projet - Gazpar) Flux inter VLAN ouvert comme pour l'ip d'origine. Pour les flux intra vlan merci de les recenser et ouvrir une demande d'ouverture de flux pour ces derniers | K40: Tunisie/Megrine | L40: G_IT_INFRA_BLB | N40: G_DSSI | O40: POPEA, Ionel | P40: G_IT_INFRA_BLB | Q40: Terminé | R40: 4.0569444 | S40: Clôturé | T40: WF_REQ_IT_SERVER_FOR_APPS_V14
A41: S260512_267 | B41: HAMMOUDA, Imen | C41: G361243 | D41: 46154.694 | E41: 46175.301 | F41: Serveur | G41: 3 | H41: 1 x Serveur : 0 USD Titre : VM MIGRATION COORD SMARTVILLAG VAL Action : Création Service/CI associé au serveur : COORDINATEUR_ 1G_SMART_VILLAGE Description serveur : Coordinateur VAL 1G SMARTVILLAG Hébergement du serveur : Central (BLB) Type de serveur : Virtuel (VM) Nature du serveur : VAL Système d'exploitation du serveur : Debian 13 Espace disque du serveur (en Go) : 20 GO sous /home + 20 GO sous /var RAM Serveur (en Go) : 4 Nombre de processeur et modèle pour serveur : 4 Date de mise en œuvre souhaitée : 01/07/2026 Besoin réseau : Accès uniquement par Sagemcom Matrice de flux : 95159 Besoin en supervision : Oui Besoin en sauvegarde : Oui Description de ce qui doit être sauvegardé : Sauvegarde machine Besoin d'un alias DNS (à créer ou modifier) : Non Besoin certificat HTTPS : Non Besoin d'envoyer des mails via nos passerelles SMTP : Oui Responsable applicatif : TALMOUDI, Abdelkader - G603655 Contact technique : HAMMOUDA, Imen - G361243 Contact mainteneur : MKADDEM, Oussama - G701089 Expression du besoin : Bonjour, Pouvez-vous créer cette machine dans le VLAN: DMZ_Privee VLAN 922. la machine va remplacer rmm08417, elle doit être dans le même VLAN. Cordialement, Imen Nom du serveur : BLB29038 Modèle : VMware Virtual Platform IP serveur : 10.81.128.68 Netmask : 255.255.255.248 Gateway : 10.81.128.65 Nouveau VLAN : Non VLAN : 3008 | I41: • IP address: 10.81.128.68/29• Description: VM Coordinateur VAL 1G SMARTVILLAG IP TEMP• Hostname: BLB29038• Subnet: 10.81.128.64/29 (PowerGrid)• Netmask: 255.255.255.248• Gateway: 10.81.128.65• VLAN ID: 3008 (VLAN 3008 PowerGrid) Flux déjà ouvert sur l'ip d'origine qui sera réutilisée. L'ip fournie dans le ticket est temporaire le temps de l'installation. Accès PMAD créé | K41: Tunisie/Megrine | L41: G_IT_INFRA_BLB | N41: G_DSSI | O41: POPEA, Ionel | P41: G_IT_INFRA_BLB | Q41: Terminé | R41: 6.2020833 | S41: Clôturé | T41: WF_REQ_IT_SERVER_FOR_APPS_V14
A42: S260512_275 | B42: HAMMOUDA, Imen | C42: G361243 | D42: 46154.702 | E42: 46175.3 | F42: Serveur | G42: 3 | H42: 1 x Serveur : 0 USD Titre : VM MIGRATION COORD ENSO VAL Action : Création Service/CI associé au serveur : COORDINATEUR_ 1G_ENSO Description serveur : Coordinateur VAL 1G ENSO Hébergement du serveur : Central (BLB) Type de serveur : Virtuel (VM) Nature du serveur : VAL Système d'exploitation du serveur : Debian 13 Espace disque du serveur (en Go) : 20 GO sous /home + 20 GO sous /var RAM Serveur (en Go) : 4 Nombre de processeur et modèle pour serveur : 4 Date de mise en œuvre souhaitée : 31/07/2026 Besoin réseau : Accès uniquement par Sagemcom Matrice de flux : 95162 Besoin en supervision : Oui Besoin en sauvegarde : Oui Description de ce qui doit être sauvegardé : Sauvegarde machine Besoin d'un alias DNS (à créer ou modifier) : Non Besoin certificat HTTPS : Non Besoin d'envoyer des mails via nos passerelles SMTP : Oui Responsable applicatif : TALMOUDI, Abdelkader - G603655 Contact technique : HAMMOUDA, Imen - G361243 Contact mainteneur : MKADDEM, Oussama - G701089 Expression du besoin : Bonjour, Pouvez-vous créer cette machine dans le VLAN: DMZ_Privee VLAN 922. la machine va remplacer RMM08450, elle doit être dans le même VLAN. Cordialement, Imen Nom du serveur : BLB29037 Modèle : VMware Virtual Platform IP serveur : 10.81.128.92 Netmask : 255.255.255.248 Gateway : 10.81.128.89 Nouveau VLAN : Non VLAN : 3011 | I42: • IP address: 10.81.128.92/29• Description: VM Coordinateur VAL 1G ENSO IP TEMP• Hostname: BLB29037• Subnet: 10.81.128.88/29 (ENSO Project)• Netmask: 255.255.255.248• VLAN ID: 3011 (ENSO) Flux déjà ouvert sur l'ip d'origine qui sera réutilisée. L'ip fournie dans le ticket est temporaire le temps de l'installation. Accès PMAD créé | K42: Tunisie/Megrine | L42: G_IT_INFRA_BLB | N42: G_DSSI | O42: POPEA, Ionel | P42: G_IT_INFRA_BLB | Q42: Terminé | R42: 6.19375 | S42: Clôturé | T42: WF_REQ_IT_SERVER_FOR_APPS_V14
A43: S260512_279 | B43: HAMMOUDA, Imen | C43: G361243 | D43: 46154.705 | E43: 46175.298 | F43: Serveur | G43: 3 | H43: 1 x Serveur : 0 USD Titre : VM MIGRATION COORD ENSO PROD Action : Création Service/CI associé au serveur : COORDINATEUR_ 1G_ENSO Description serveur : Coordinateur PROD 1G ENSO Hébergement du serveur : Central (BLB) Type de serveur : Virtuel (VM) Nature du serveur : PROD Système d'exploitation du serveur : Debian 13 Espace disque du serveur (en Go) : 20 GO sous /home + 30 GO sous /var RAM Serveur (en Go) : 4 Nombre de processeur et modèle pour serveur : 4 Date de mise en œuvre souhaitée : 30/08/2026 Besoin réseau : Accès uniquement par Sagemcom Matrice de flux : 95163 Besoin en supervision : Oui Besoin en sauvegarde : Oui Description de ce qui doit être sauvegardé : sauvegarde machine Besoin d'une seconde sauvegarde sur un site distinct de Bois-Colombes : Non Besoin d'un alias DNS (à créer ou modifier) : Non Besoin certificat HTTPS : Non Besoin d'envoyer des mails via nos passerelles SMTP : Oui Responsable applicatif : TALMOUDI, Abdelkader - G603655 Contact technique : HAMMOUDA, Imen - G361243 Contact mainteneur : MKADDEM, Oussama - G701089 Expression du besoin : Bonjour, Pouvez-vous créer cette machine dans le VLAN: DMZ_Privee VLAN 922. la machine va remplacer RMM08451, elle doit être dans le même VLAN. Cordialement, Imen Nom du serveur : BLB28061 Modèle : VMware Virtual Platform IP serveur : 10.81.128.93 Netmask : 255.255.255.248 Gateway : 10.81.128.89 Nouveau VLAN : Non VLAN : 3011 | I43: • IP address: 10.81.128.93/29• Description: VM Coordinateur PROD 1G ENSO IP TEMP• Hostname: BLB28061• Subnet: 10.81.128.88/29 (ENSO Project)• Netmask: 255.255.255.248• VLAN ID: 3011 (ENSO) Flux déjà ouvert sur l'ip d'origine qui sera réutilisée. L'ip fournie dans le ticket est temporaire le temps de l'installation. ajout PMAD | K43: Tunisie/Megrine | L43: G_IT_INFRA_BLB | N43: G_DSSI | O43: POPEA, Ionel | P43: G_IT_INFRA_BLB | Q43: Terminé | R43: 6.1916667 | S43: Clôturé | T43: WF_REQ_IT_SERVER_FOR_APPS_V14
... A61: S260520_257 | B61: BEN GHORBEL, Ferdaws | C61: G700735 | D61: 46162.705 | E61: 46175.442 | F61: Souris | G61: 2 | H61: 1 x Souris : 0 EUR1 x Souris filaire : 9.43 EURCentre de coût : S250300 | I61: Bonjour,Demande est disponible, merci de passer au bureau ITCdt | K61: Tunisie/Kram | L61: G_IT_DESKTOP_KRM | N61: G_IT_DESKTOP_KRM | O61: DRIDI, Rimeh | P61: G_IT_DESKTOP_KRM | Q61: Terminé | R61: 3.675 | S61: Clôturé | T61: WF_REQ_GENERIC_V6.1
A62: S260520_263 | B62: KHADHRAOUI, Maher | C62: G700628 | D62: 46162.711 | E62: 46183.604 | F62: Accès à un partage réseau | G62: 3 | H62: 1 x Accès à un partage réseau : 0 EURLien du partage : \\rmm03331.ads.local\Projets_XENTP2510\3-BLE\254072661_MS212_MEA_MCU_RUN2bis_PS1\PCB\Output\Meca\Ptc2MentorDroits : Lecture/Ecriture | K62: Tunisie/Kram | L62: G_IT_INFRA_KRM | N62: G_IT_INFRA_BLB | O62: MAURICE, Alexandre | P62: G_IT_INFRA_KRM | Q62: Terminé | R62: 6.4548611 | S62: Clôturé | T62: WF_REQ_GENERIC_V6.1
A63: S260521_030 | B63: ZOUARI, Melek | C63: G700108 | D63: 46163.361 | E63: 46175.295 | F63: Accès PMAD | G63: 2 | H63: 1 x Accès PMAD : 0 EURType de PMAD : Orion : PMAD interne Sagemcom avec validation utilisateurs | I63: Acccès créé Accepter Pour accepter la demande, cliquez simplement sur le bouton d'envoi de ce mail. Ne modifiez pas le texte ci dessous @OPERATION@='SOLVE' @RFC_NUMBER@='S260521_030' @CHOICE@='1' | K63: Tunisie/Megrine | L63: G_IT_INFRA_BLB | N63: G_IT_INFRA_BLB | O63: MELENOTTE, Philippe | P63: G_IT_INFRA_BLB | Q63: Terminé | R63: 3.4729167 | S63: Clôturé | T63: WF_REQ_GENERIC_V6.1
A64: S260521_045 | B64: HERMI, Amal | C64: G507837 | D64: 46163.376 | E64: 46178.626 | F64: Prêt matériel informatique | G64: 3 | H64: 1 x Prêt matériel informatique : 0 EURFormat : LaptopType : Intégré au domaine SagemcomConfiguration : Configuration développementOS : Socle (Linux domaine sagemcom)Date de début du prêt : 09/06/2026Date de fin de prêt (6 mois maximum) : 09/06/2026Email de validation de son DIR pôle à joindre : Formation Techniques de diagnostic HG6 .msgComplément d information : Bonjour, Nous vous informons que la formation Techniques de diagnostic HG6 se tiendra le 09 juin à la salle D05 Pour le bon déroulement de cette session nous aurions besoin de : - 6 Laptops linux - Flybox ooredoo - Réseau Sagemcom ci-dessous la liste des participants Matricule Nom Prénom 701955 MEJRI Wassim 700350 GHRIBI Mohamed Rayen 800536 ROUINI Samy 801031 MHAMDI TAKIEDDINE 701608 EL OUNI Ahmed 701936 RAHMENI Eya 701935 CHMENGUI Aymen Merci Cordialement Amal | I64: Bonjour, demande bien traité matriculenom pénomS/N de laptop OS701955MEJRIWassimp1312289socle700350GHRIBIMohamed Rayenp1311891800536ROUINISamyp1312496801031MHAMDITAKIEDDINEp1312316701608EL OUNIAhmedp1311886701936RAHMENIEyap1311712701935CHMENGUIAymenp1311888 Cordialement. | K64: Tunisie/Megrine | L64: G_IT_DESKTOP_SST | N64: G_IT_DESKTOP_SST | O64: ADOUKA, Mohamed | P64: G_IT_DESKTOP_SST | Q64: Terminé | R64: 5.0625 | S64: Clôturé | T64: WF_REQ_GENERIC_V6.1
A65: S260521_049 | B65: GAIASSE, Mouna | C65: G573241 | D65: 46163.38 | E65: 46199.58 | F65: Prêt matériel informatique | G65: 3 | H65: 1 x Prêt matériel informatique : 0 EURFormat : LaptopType : TestConfiguration : Configuration validationOS : Linux (poste de test)Date de début du prêt : 29/06/2026Date de fin de prêt (6 mois maximum) : 30/06/2026Email de validation de son DIR pôle à joindre : test.docxComplément d information : Bonjour Pour les besoins en matériel de la formation Networking IPV6 Dev qui aura lieu les 29 et 30 nous aurons besoin de PCs Linux pour les participants et un switch ethernet. ci dessous la liste Matricule Nom du stagiaire Prénom du stagiaire 702069 FATTOUMI Ahmed Ibrahim 701955 MEJRI Wassim 700761 MHIRI Achraf 573133 BRAHIM Lamia Hamida 702389 OULED SAID Hazem 702438 BANNOUR Rihab merci bcp | I65: Bonjour, Les laptops de formation Networking IPV6 Dev sont disponibles matriculenom pénomS/N de laptop stock OS702069FATTOUMIAhmed Ibrahimp1311888ITlinux701955MEJRIWassimp1311891IT700761MHIRIAchrafP1312496IT573133BRAHIMLamia Hamidap1311712IT702389OULED SAIDHazemp1311886IT Cordialement. | K65: Tunisie/Megrine | L65: G_IT_DESKTOP_SST | N65: G_IT_DESKTOP_SST | O65: BOUFAHJA, Kamel | P65: G_IT_DESKTOP_SST | Q65: Terminé | R65: 3.3347222 | S65: Clôturé | T65: WF_REQ_GENERIC_V6.1
A66: S260521_239 | B66: BOUAZIZ, Mohamed Naier | C66: G700308 | D66: 46163.652 | E66: 46184.398 | F66: PC accessoires | G66: 2 | H66: 1 x PC accessoires : 0 EURN° étiquette du PC (ou modèle) : P1310618Autres accessoires : OuiAutre (préciser l'équipement et la taille) : CASQUECentre de coût : S250200 | I66: @équipe IT : si le stock est épuisé, merci de contacter BOURAOUI Samir pour lancer une demande d'achat bonjourcasque est disponiblecordialement | K66: Tunisie/Megrine | L66: G_IT_DESKTOP_SST | N66: G_IT_DESKTOP_SST | O66: BOUFAHJA, Kamel | P66: G_IT_DESKTOP_SST | Q66: Terminé | R66: 6.3083333 | S66: Clôturé | T66: WF_REQ_GENERIC_V6.1
A67: S260521_265 | B67: BEN FREDJ, Nidhal | C67: G573247 | D67: 46163.697 | E67: 46174.488 | F67: Souris | G67: 2 | H67: 1 x Souris : 0 EUR1 x Souris filaire : 9.43 EURCentre de coût : S250300 | I67: Bonjour ,Demande est disponibleCdt, | K67: Tunisie/Kram | L67: G_IT_DESKTOP_KRM | N67: G_IT_DESKTOP_KRM | O67: DRIDI, Rimeh | P67: G_IT_DESKTOP_KRM | Q67: Terminé | R67: 2.8541667 | S67: Clôturé | T67: WF_REQ_GENERIC_V6.1
A68: S260521_269 | B68: BEN FREDJ, Nidhal | C68: G573247 | D68: 46163.7 | E68: 46174.489 | F68: PC accessoires | G68: 2 | H68: 1 x PC accessoires : 0 EURN° étiquette du PC (ou modèle) : P1310552Autres accessoires : OuiAutre (préciser l'équipement et la taille) : CasqueCentre de coût : S250300 | I68: @équipe IT : si le stock est épuisé, merci de contacter MCHITA Karim pour lancer une demande d'achat Bonjour,​demande est disponibleCdt, | K68: Tunisie/Kram | L68: G_IT_DESKTOP_KRM | N68: G_IT_DESKTOP_KRM | O68: DRIDI, Rimeh | P68: G_IT_DESKTOP_KRM | Q68: Terminé | R68: 2.8520833 | S68: Clôturé | T68: WF_REQ_GENERIC_V6.1
A69: S260522_047 | B69: AMRI, Ahmed | C69: G801259 | D69: 46164.391 | E69: 46197.429 | F69: Adobe application | G69: 3 | H69: 1 x Adobe application : 0 EUR | I69: BonjourDemande traitéeCdt | K69: Tunisie/Kram | L69: G_IT_DESKTOP_KRM | N69: G_IT_DESKTOP_KRM | O69: GARRAWI, Sana | P69: G_IT_DESKTOP_KRM | Q69: Terminé | R69: 10.1 | S69: Clôturé | T69: WF_REQ_GENERIC_V6.1
A70: S260522_224 | B70: KCHAOU, Ahmed | C70: G702004 | D70: 46164.628 | E70: 46185.377 | F70: Demande informatique hors catalogue | G70: 2 | H70: 1 x Demande informatique hors catalogue : 0 EURMerci de préciser votre besoin : AutreDescription : Le mot de passe de PC de Test n’est pas accepté par le système malgré plusieurs tentatives.Centre de coût : S250300 | I70: Bonjour,Demande traité.Cordialement. | K70: Tunisie/Sousse | L70: G_IT_DESKTOP_SST | N70: G_IT_DESKTOP_QSO | O70: MFARREJ, Yosri | P70: G_IT_DESKTOP_SST | Q70: Terminé | R70: 6.3118056 | S70: Clôturé | T70: WF_REQ_GENERIC_V6.1
A71: S260522_255 | B71: MHAMDI, Seifeddine | C71: G701066 | D71: 46164.652 | E71: 46195.715 | F71: Gestion des flux | G71: 2 | H71: 1 x Gestion des flux : 0 EURTitre : Ouverture Flux RTS E&T pour les Scans sonde R7Action demandée : CréationProjet/Application : Scan RTS E&T via Sonde Rapid7Service/CI associé au serveur : SST_INFRA_NETWORK_SISite destination : SST (Tunisie/Megrine)Adresses IP sources : 10.206.249.239Adresses IP destination : ALL Subnets RTS E&TPort destination : ALL | OR [ TCP:22,80,443,445,3389,135 | TCP:49152-65535 | UDP:53,161 | ICMP ]Matrice de flux : Matrice_de_Flux_SCan RTS E&T R7.xlsx | K71: Tunisie/Megrine | L71: G_IT_NETWORK_BLB | N71: G_IT_SECURITY | O71: LAMI, Vincent | P71: G_IT_NETWORK_BLB | Q71: Terminé | R71: 9.2513889 | S71: Clôturé | T71: WF_REQ_GENERIC_V6.1
A72: S260522_267 | B72: MSOLLI, Riadh | C72: G360471 | D72: 46164.661 | E72: 46177.359 | F72: PC Laptop | G72: 3 | H72: 1 x PC Laptop : 0 EUR1 x Laptop reconditionné : EUR1 x Aucun écran : USD1 x Câble de sécurité : 13.04 USD1 x Filtre de confidentialité : 27 USD1 x Aucun sac : EURType : TestConfiguration : Configuration validationOS : WindowsClavier : AZERTYCentre de coût : S250200Email de validation de son DIR pôle à joindre : RE Urgent solution pour les PCs non compatibles win11 a traiter en priorité.msg | I72: bonjourlaptop de test est disponible S/n: BY46Z33 l'os w11merci de nous rendre ancien laptopcordialement | K72: Tunisie/Megrine | L72: G_IT_DESKTOP_KRM | N72: G_IT_DESKTOP_SST | O72: BOUFAHJA, Kamel | P72: G_IT_DESKTOP_KRM | Q72: Terminé | R72: 3.6361111 | S72: Clôturé | T72: WF_REQ_GENERIC_V6.1
A73: S260522_287 | B73: REJAB JRIJI, Helmi | C73: G801213 | D73: 46164.712 | E73: 46177.572 | F73: Accès PMAD | G73: 3 | H73: 1 x Accès PMAD : 0 EURType de PMAD : Phoenix : Bastion administration partenaires/indus vers les équipements Sagemcom | I73: user ajouté dans DSI Indus (AD) Accès créé | K73: Tunisie/Megrine | L73: G_IT_INFRA_BLB | N73: G_IT_INFRA_BLB | O73: MELENOTTE, Philippe | P73: G_IT_INFRA_BLB | Q73: Terminé | R73: 3.7986111 | S73: Clôturé | T73: WF_REQ_GENERIC_V6.1
A74: S260525_051 | B74: BEN ELHADJ MOHAMED, Lotfi | C74: G573303 | D74: 46167.428 | E74: 46182.374 | F74: PC accessoires | G74: 3 | H74: 1 x PC accessoires : 0 EUR1 x Clavier : 10 USDN° étiquette du PC (ou modèle) : Laptop Dell Latitude 5510Autres accessoires : NonCentre de coût : S250200 | I74: Accepter Pour accepter la demande, cliquez simplement sur le bouton d'envoi de ce mail. Ne modifiez pas le texte ci dessous @OPERATION@='SOLVE' @RFC_NUMBER@='S260525_051' @CHOICE@='1' Cdt, Majed Bonjour,bien résolu, apres la nettoyage de clavier. Cordialement. | K74: Tunisie/Megrine | L74: G_IT_DESKTOP_SST | N74: G_IT_DESKTOP_SST | O74: ADOUKA, Mohamed | P74: G_IT_DESKTOP_SST | Q74: Terminé | R74: 4.6166667 | S74: Clôturé | T74: WF_REQ_GENERIC_V6.1
A75: S260525_092 | B75: THELJAOUI, Mohamed | C75: G361247 | D75: 46167.503 | E75: 46174.429 | F75: Demande d'entrée DNS | G75: 2 | H75: 1 x Demande d'entrée DNS : 0 EURAction : ModificationType de DNS : Host (A)Nom DNS souhaité : basedocval.comonAdresse IP : 10.80.221.31 | K75: Tunisie/Megrine | L75: G_IT_INFRA_BLB | N75: G_IT_INFRA_BLB | O75: MAURICE, Alexandre | P75: G_IT_INFRA_BLB | Q75: Terminé | R75: 2.1145833 | S75: Clôturé | T75: WF_REQ_GENERIC_V6.1
A76: S260525_181 | B76: BOUGHDIRI, Fayrouz | C76: G701945 | D76: 46167.737 | E76: 46177.399 | F76: Installation réseau ou téléphone fixe | G76: 3 | H76: 1 x Installation réseau ou téléphone fixe : 0 EURDemande Réseau ou Téléphonie : RéseauBesoin extention cablage reseau : AutreAutre : Réseau Sagemdésignation : Bonjour, j'ai un problème avec mon réseau sagem port A1118 pouvez-bous regarder svp ? Merci, Cdlt. | K76: Tunisie/Megrine | L76: G_IT_NETWORK_SST | N76: G_IT_NETWORK_SST | O76: BENALI, Wiem | P76: G_IT_NETWORK_SST | Q76: Terminé | R76: 3.1618056 | S76: Clôturé | T76: WF_REQ_GENERIC_V6.1
A77: S260526_078 | B77: MAHER, Bouali | C77: G701252 | D77: 46168.596 | E77: 46174.49 | F77: Droits administrateur local | G77: 3 | H77: 1 x Droits administrateur local : 0 EURQuel est le n° de l'étiquette du PC (code barre) ? : P1311670Cette machine devient-elle la votre ? : OuiType OS : Windows | I77: bonjour,Demande traitée Cdt, | K77: Tunisie/Kram | L77: G_IT_DESKTOP_KRM | N77: G_IT_DESKTOP_KRM | O77: DRIDI, Rimeh | P77: G_IT_DESKTOP_KRM | Q77: Terminé | R77: 1.64375 | S77: Clôturé | T77: WF_REQ_GENERIC_V6.1
A78: S260529_052 | B78: HAMMOUDA, Imen | C78: G361243 | D78: 46171.585 | E78: 46174.847 | F78: ASKit MAJ CMDB | G78: 3 | H78: Système d'exploitation du serveur : Debian 13Type de serveur : Virtuel (VM)Nom du serveur : BLB28068Espace disque du serveur (en Go) : 100 GO sous /home + 30 GO sous /varRAM Serveur (en Go) : 8Besoin en supervision : OuiNombre de processeur et modèle pour serveur : 4Expression du besoin : Bonjour, Pouvez-vous créer cette machine dans le VLAN: DMZ_Privee VLAN 922. la machine va remplacer RMM08183, elle doit être dans le même VLAN. Cordialement, Imen Besoin en sauvegarde : OuiNature du serveur : PRODDescription de ce qui doit être sauvegardé : Sauvegarde machineContact technique : HAMMOUDA, Imen - G361243Matrice de flux : 95224Titre : VM MIGRATION COORD IBIS PRODBesoin réseau : Accès uniquement par SagemcomDate de mise en œuvre souhaitée : 05/06/2026Besoin d'une seconde sauvegarde sur un site distinct de Bois-Colombes : NonResponsable applicatif : TALMOUDI, Abdelkader - G603655Contact mainteneur : MKADDEM, Oussama - G701089Besoin certificat HTTPS : NonBesoin d'un alias DNS (à créer ou modifier) : NonNetmask : 255.255.255.248VLAN : 3256Gateway : 10.81.130.177Hébergement du serveur : Central (BLB)IP serveur : 10.81.130.179Action : CréationService/CI associé au serveur : COORDINATEUR_1G_IBISNouveau VLAN : NonBesoin d'envoyer des mails via nos passerelles SMTP : OuiModèle : VMware Virtual PlatformDescription serveur : Coordinateur PROD 1G IBISCréation du serveur : OuiCréation serveur en CI : OuiLien CI service-serveur : OuiSystème d'exploitation du serveur : Debian 13Type de serveur : Virtuel (VM)Nom du serveur : BLB28068Espace disque du serveur (en Go) : 100 GO sous /home + 30 GO sous /varRAM Serveur (en Go) : 8Besoin en supervision : OuiNombre de processeur et modèle pour serveur : 4Expression du besoin : Bonjour, Pouvez-vous créer cette machine dans le VLAN: DMZ_Privee VLAN 922. la machine va remplacer RMM08183, elle doit être dans le même VLAN. Cordialement, Imen Besoin en sauvegarde : OuiNature du serveur : PRODDescription de ce qui doit être sauvegardé : Sauvegarde machineContact technique : HAMMOUDA, Imen - G361243Matrice de flux : 95224Titre : VM MIGRATION COORD IBIS PRODBesoin réseau : Accès uniquement par SagemcomDate de mise en œuvre souhaitée : 05/06/2026Besoin d'une seconde sauvegarde sur un site distinct de Bois-Colombes : NonResponsable applicatif : TALMOUDI, Abdelkader - G603655Contact mainteneur : MKADDEM, Oussama - G701089Besoin certificat HTTPS : NonBesoin d'un alias DNS (à créer ou modifier) : NonNetmask : 255.255.255.248VLAN : 3256Gateway : 10.81.130.177Hébergement du serveur : Central (BLB)IP serveur : 10.81.130.179Action : CréationService/CI associé au serveur : COORDINATEUR_1G_IBISNouveau VLAN : NonBesoin d'envoyer des mails via nos passerelles SMTP : OuiModèle : VMware Virtual PlatformDescription serveur : Coordinateur PROD 1G IBIS | K78: Tunisie/Megrine | L78: G_IT_SC_ASKIT | M78: G_IT_SC_ASKIT | N78: G_IT_SC_ASKIT | O78: ABBAR, Ahcene | P78: G_IT_SC_ASKIT | Q78: Terminé | R78: 0 | S78: Clôturé | T78: WF_CMDB_SERV_ASKIT
A79: S260529_053 | B79: HAMMOUDA, Imen | C79: G361243 | D79: 46171.586 | E79: 46174.847 | F79: ASKit MAJ CMDB | G79: 3 | H79: Nom du serveur : BLB29034Type de serveur : Virtuel (VM)Système d'exploitation du serveur : Debian 13Espace disque du serveur (en Go) : 20 GO sous /home + 20 GO sous /varRAM Serveur (en Go) : 4Nombre de processeur et modèle pour serveur : 4Expression du besoin : Bonjour, Pouvez-vous créer cette machine dans le VLAN: DMZ_Privee VLAN 922. la machine va remplacer RMM08212, elle doit être dans le même VLAN. Cordialement, Imen Besoin en supervision : OuiBesoin en sauvegarde : OuiDescription de ce qui doit être sauvegardé : Sauvegarde machineNature du serveur : VALContact technique : HAMMOUDA, Imen - G361243Besoin réseau : Accès uniquement par SagemcomDate de mise en œuvre souhaitée : 07/08/2026Matrice de flux : 95216Titre : VM MIGRATION SAV LINKY VALResponsable applicatif : TALMOUDI, Abdelkader - G603655Contact mainteneur : MKADDEM, Oussama - G701089Besoin certificat HTTPS : NonBesoin d'un alias DNS (à créer ou modifier) : NonNetmask : 255.255.255.248VLAN : 3258Gateway : 10.81.130.193IP serveur : 10.81.130.196Action : CréationHébergement du serveur : Central (BLB)Nouveau VLAN : NonService/CI associé au serveur : CORP_PORTAL_SAVBesoin d'envoyer des mails via nos passerelles SMTP : OuiModèle : VMware Virtual PlatformDescription serveur : SAV LINKY VAL 1GCréation du serveur : OuiCréation serveur en CI : OuiLien CI service-serveur : OuiNom du serveur : BLB29034Type de serveur : Virtuel (VM)Système d'exploitation du serveur : Debian 13Espace disque du serveur (en Go) : 20 GO sous /home + 20 GO sous /varRAM Serveur (en Go) : 4Nombre de processeur et modèle pour serveur : 4Expression du besoin : Bonjour, Pouvez-vous créer cette machine dans le VLAN: DMZ_Privee VLAN 922. la machine va remplacer RMM08212, elle doit être dans le même VLAN. Cordialement, Imen Besoin en supervision : OuiBesoin en sauvegarde : OuiDescription de ce qui doit être sauvegardé : Sauvegarde machineNature du serveur : VALContact technique : HAMMOUDA, Imen - G361243Besoin réseau : Accès uniquement par SagemcomDate de mise en œuvre souhaitée : 07/08/2026Matrice de flux : 95216Titre : VM MIGRATION SAV LINKY VALResponsable applicatif : TALMOUDI, Abdelkader - G603655Contact mainteneur : MKADDEM, Oussama - G701089Besoin certificat HTTPS : NonBesoin d'un alias DNS (à créer ou modifier) : NonNetmask : 255.255.255.248VLAN : 3258Gateway : 10.81.130.193IP serveur : 10.81.130.196Action : CréationHébergement du serveur : Central (BLB)Nouveau VLAN : NonService/CI associé au serveur : CORP_PORTAL_SAVBesoin d'envoyer des mails via nos passerelles SMTP : OuiModèle : VMware Virtual PlatformDescription serveur : SAV LINKY VAL 1G | K79: Tunisie/Megrine | L79: G_IT_SC_ASKIT | M79: G_IT_SC_ASKIT | N79: G_IT_SC_ASKIT | O79: ABBAR, Ahcene | P79: G_IT_SC_ASKIT | Q79: Terminé | R79: 0 | S79: Clôturé | T79: WF_CMDB_SERV_ASKIT
A80: S260529_054 | B80: HAMMOUDA, Imen | C80: G361243 | D80: 46171.587 | E80: 46174.847 | F80: ASKit MAJ CMDB | G80: 3 | H80: Nom du serveur : BLB29035Type de serveur : Virtuel (VM)Système d'exploitation du serveur : Debian 13Espace disque du serveur (en Go) : 20 GO sous /home + 20 GO sous /varRAM Serveur (en Go) : 4Nombre de processeur et modèle pour serveur : 4Expression du besoin : Bonjour, Pouvez-vous créer cette machine dans le VLAN: DMZ_Privee VLAN 922. la machine va remplacer RMM08375, elle doit être dans le même VLAN. Cordialement, Imen Besoin en supervision : OuiBesoin en sauvegarde : OuiDescription de ce qui doit être sauvegardé : Sauvegarde machineNature du serveur : VALContact technique : HAMMOUDA, Imen - G361243Besoin réseau : Accès uniquement par SagemcomDate de mise en œuvre souhaitée : 19/06/2026Matrice de flux : 95205Titre : VM MIGRATION COORD EEHC VALResponsable applicatif : TALMOUDI, Abdelkader - G603655Contact mainteneur : MKADDEM, Oussama - G701089Besoin certificat HTTPS : NonBesoin d'un alias DNS (à créer ou modifier) : NonNetmask : 255.255.255.248VLAN : 3003Gateway : 10.81.128.25IP serveur : 10.81.128.28Action : CréationHébergement du serveur : Central (BLB)Nouveau VLAN : NonService/CI associé au serveur : COORDINATEUR_2G_EGYPTE_EEHCBesoin d'envoyer des mails via nos passerelles SMTP : OuiModèle : VMware Virtual PlatformDescription serveur : Coordinateur VAL 1G EEHCCréation du serveur : OuiCréation serveur en CI : OuiLien CI service-serveur : OuiNom du serveur : BLB29035Type de serveur : Virtuel (VM)Système d'exploitation du serveur : Debian 13Espace disque du serveur (en Go) : 20 GO sous /home + 20 GO sous /varRAM Serveur (en Go) : 4Nombre de processeur et modèle pour serveur : 4Expression du besoin : Bonjour, Pouvez-vous créer cette machine dans le VLAN: DMZ_Privee VLAN 922. la machine va remplacer RMM08375, elle doit être dans le même VLAN. Cordialement, Imen Besoin en supervision : OuiBesoin en sauvegarde : OuiDescription de ce qui doit être sauvegardé : Sauvegarde machineNature du serveur : VALContact technique : HAMMOUDA, Imen - G361243Besoin réseau : Accès uniquement par SagemcomDate de mise en œuvre souhaitée : 19/06/2026Matrice de flux : 95205Titre : VM MIGRATION COORD EEHC VALResponsable applicatif : TALMOUDI, Abdelkader - G603655Contact mainteneur : MKADDEM, Oussama - G701089Besoin certificat HTTPS : NonBesoin d'un alias DNS (à créer ou modifier) : NonNetmask : 255.255.255.248VLAN : 3003Gateway : 10.81.128.25IP serveur : 10.81.128.28Action : CréationHébergement du serveur : Central (BLB)Nouveau VLAN : NonService/CI associé au serveur : COORDINATEUR_2G_EGYPTE_EEHCBesoin d'envoyer des mails via nos passerelles SMTP : OuiModèle : VMware Virtual PlatformDescription serveur : Coordinateur VAL 1G EEHC | K80: Tunisie/Megrine | L80: G_IT_SC_ASKIT | M80: G_IT_SC_ASKIT | N80: G_IT_SC_ASKIT | O80: ABBAR, Ahcene | P80: G_IT_SC_ASKIT | Q80: Terminé | R80: 0 | S80: Clôturé | T80: WF_CMDB_SERV_ASKIT
A81: S260529_106 | B81: HAMMOUDA, Imen | C81: G361243 | D81: 46171.687 | E81: 46174.847 | F81: ASKit MAJ CMDB | G81: 3 | H81: Nom du serveur : BLB28062Type de serveur : Virtuel (VM)Système d'exploitation du serveur : Debian 13Espace disque du serveur (en Go) : 20 GO sous /home + 20 GO sous /varRAM Serveur (en Go) : 4Nombre de processeur et modèle pour serveur : dExpression du besoin : Bonjour, Pouvez-vous créer cette machine dans le VLAN: DMZ_Privee VLAN 922. la machine va remplacer rmm08418, elle doit être dans le même VLAN. Cordialement, Imen Besoin en supervision : OuiBesoin en sauvegarde : OuiDescription de ce qui doit être sauvegardé : sauvegarde machineNature du serveur : PRODContact technique : HAMMOUDA, Imen - G361243Besoin réseau : Accès uniquement par SagemcomDate de mise en œuvre souhaitée : 20/07/2026Besoin d'une seconde sauvegarde sur un site distinct de Bois-Colombes : NonMatrice de flux : 95160Titre : VM MIGRATION COORD SMARTVILLAGE PRODResponsable applicatif : TALMOUDI, Abdelkader - G603655Contact mainteneur : MKADDEM, Oussama - G701089Besoin certificat HTTPS : NonBesoin d'un alias DNS (à créer ou modifier) : NonNetmask : 255.255.255.248VLAN : 3008Gateway : 10.81.128.65IP serveur : 10.81.128.69Action : CréationHébergement du serveur : Central (BLB)Nouveau VLAN : NonService/CI associé au serveur : COORDINATEUR_ 1G_SMART_VILLAGEBesoin d'envoyer des mails via nos passerelles SMTP : OuiModèle : VMware Virtual PlatformDescription serveur : Coordinateur PROD 1G SMARTVILLAGECréation du serveur : OuiCréation serveur en CI : OuiLien CI service-serveur : OuiNom du serveur : BLB28062Type de serveur : Virtuel (VM)Système d'exploitation du serveur : Debian 13Espace disque du serveur (en Go) : 20 GO sous /home + 20 GO sous /varRAM Serveur (en Go) : 4Nombre de processeur et modèle pour serveur : dExpression du besoin : Bonjour, Pouvez-vous créer cette machine dans le VLAN: DMZ_Privee VLAN 922. la machine va remplacer rmm08418, elle doit être dans le même VLAN. Cordialement, Imen Besoin en supervision : OuiBesoin en sauvegarde : OuiDescription de ce qui doit être sauvegardé : sauvegarde machineNature du serveur : PRODContact technique : HAMMOUDA, Imen - G361243Besoin réseau : Accès uniquement par SagemcomDate de mise en œuvre souhaitée : 20/07/2026Besoin d'une seconde sauvegarde sur un site distinct de Bois-Colombes : NonMatrice de flux : 95160Titre : VM MIGRATION COORD SMARTVILLAGE PRODResponsable applicatif : TALMOUDI, Abdelkader - G603655Contact mainteneur : MKADDEM, Oussama - G701089Besoin certificat HTTPS : NonBesoin d'un alias DNS (à créer ou modifier) : NonNetmask : 255.255.255.248VLAN : 3008Gateway : 10.81.128.65IP serveur : 10.81.128.69Action : CréationHébergement du serveur : Central (BLB)Nouveau VLAN : NonService/CI associé au serveur : COORDINATEUR_ 1G_SMART_VILLAGEBesoin d'envoyer des mails via nos passerelles SMTP : OuiModèle : VMware Virtual PlatformDescription serveur : Coordinateur PROD 1G SMARTVILLAGE | K81: Tunisie/Megrine | L81: G_IT_SC_ASKIT | M81: G_IT_SC_ASKIT | N81: G_IT_SC_ASKIT | O81: ABBAR, Ahcene | P81: G_IT_SC_ASKIT | Q81: Terminé | R81: 0 | S81: Clôturé | T81: WF_CMDB_SERV_ASKIT
A82: S260601_030 | B82: TOUMI, Sonia | C82: G361469 | D82: 46174.381 | E82: 46185.443 | F82: Souris | G82: 3 | H82: 1 x Souris : 0 EUR1 x Souris filaire : 9.43 EURCentre de coût : S250200 | I82: bonjoursouris est disponiblecordialement | K82: Tunisie/Megrine | L82: G_IT_DESKTOP_KRM | N82: G_IT_DESKTOP_SST | O82: BOUFAHJA, Kamel | P82: G_IT_DESKTOP_KRM | Q82: Terminé | R82: 4 | S82: Clôturé | T82: WF_REQ_GENERIC_V6.1
A83: S260601_083 | B83: MHAMDI, Amira | C83: G361265 | D83: 46174.436 | E83: 46188.688 | F83: Souris | G83: 2 | H83: 1 x Souris : 0 EUR1 x Souris sans fil : 12.65 EURCentre de coût : S250300 | I83: BonjourVotre demande est disponibleCdtSANA | K83: Tunisie/Kram | L83: G_IT_DESKTOP_KRM | N83: G_IT_DESKTOP_KRM | O83: GARRAWI, Sana | P83: G_IT_DESKTOP_KRM | Q83: Terminé | R83: 4.5222222 | S83: Clôturé | T83: WF_REQ_GENERIC_V6.1
A84: S260601_090 | B84: ZBIDI, Borhen | C84: G800777 | D84: 46174.444 | E84: 46175.372 | F84: PC Laptop | G84: 2 | H84: 1 x PC Laptop : 0 EUR1 x Laptop reconditionné : EUR1 x Aucun écran : USD1 x Aucun sac : EURType : TestConfiguration : Configuration validationOS : WindowsClavier : AZERTYCentre de coût : S250300Email de validation de son DIR pôle à joindre : 2026-06-01_11-00-52.pdf | I84: ​Bonjour,​a { text-decoration: none; color: #464feb; }tr th, tr td { border: 1px solid #e6e6e6; }tr th { background-color: #f5f5f5; }a { text-decoration: none; color: #464feb; }tr th, tr td { border: 1px solid #e6e6e6; }tr th { background-color: #f5f5f5; }Suite à l’urgence et au fait que je ne dispose pas d’un laptop sur site.je vous ai préparé un desktop de test après réception de votre confirmation.Vous pouvez passer au bureau IT pour le récupérer.Cordialement. | K84: Tunisie/Sousse | L84: G_IT_DESKTOP_SST | N84: G_IT_DESKTOP_QSO | O84: MFARREJ, Yosri | P84: G_IT_DESKTOP_SST | Q84: Terminé | R84: 0.36597222 | S84: Clôturé | T84: WF_REQ_GENERIC_V6.1
A85: S260601_102 | B85: BOUHAJJA, Wiem | C85: G360699 | D85: 46174.461 | E85: 46185.365 | F85: PC accessoires | G85: 2 | H85: 1 x PC accessoires : 0 EURN° étiquette du PC (ou modèle) : .Autres accessoires : OuiAutre (préciser l'équipement et la taille) : casqueCentre de coût : S250201 | I85: @équipe IT : si le stock est épuisé , merci de transmettre la référence de cable de sécurité ( ref : Twin Clicksafe Master keyed Lock for All ) à BEN MANSOUR Hakim afin qu'il puisse lancer une demande d'achat bonjourcasque est dispocordialement | K85: Tunisie/Megrine | L85: G_IT_DESKTOP_SST | N85: G_IT_DESKTOP_SST | O85: BOUFAHJA, Kamel | P85: G_IT_DESKTOP_SST | Q85: Terminé | R85: 3.8416667 | S85: Clôturé | T85: WF_REQ_GENERIC_V6.1
A86: S260601_103 | B86: THELJAOUI, Mohamed | C86: G361247 | D86: 46174.462 | E86: 46185.326 | F86: Infrastructure Cloud | G86: 3 | H86: 1 x Infrastructure Cloud : 0 EURTitre : Configuration SAML pour supEVALEntité/service : ITEnvironnement : Development/Integration/TestType d'accès : Sagemcom interneCommunication avec réseau Sagemcom : OuiType de service : VM Linux | I86: dejà traité | K86: Tunisie/Megrine | L86: G_IT_INFRA_BLB | N86: G_IT_INFRA_BLB | O86: BOUHADANA, David | P86: G_IT_INFRA_BLB | Q86: Terminé | R86: 3.8097222 | S86: Clôturé | T86: WF_REQ_GENERIC_V6.1
A87: S260601_105 | B87: GHARDALLOU, Mohamed | C87: G800389 | D87: 46174.462 | E87: 46181.397 | F87: Gestion des flux | G87: 2 | H87: 1 x Gestion des flux : 0 EURTitre : gta non accessibleAction demandée : CréationProjet/Application : GTASite destination : EZR (Tunisie/Ezzahra)Adresses IP sources : g800389Adresses IP destination : https://gta.sst.scom:8443/webquartz/ux/loginPort destination : 8443 | I87: Accepter Pour accepter la demande, cliquez simplement sur le bouton d'envoi de ce mail. Ne modifiez pas le texte ci dessous @OPERATION@='SOLVE' @RFC_NUMBER@='S260601_105' @CHOICE@='1' Mohamed Ghardallou Référent Technique Senior E&T (SST) Adresse postale: Parc technologique Innovation City, Sousse 4061 Mobile: +216 99 163 122 | K87: Tunisie/Sousse | L87: G_IT_NETWORK_BLB | N87: G_IT_SECURITY | O87: OGRYZEK, Damien | P87: G_IT_NETWORK_BLB | Q87: Terminé | R87: 2.1229167 | S87: Clôturé | T87: WF_REQ_GENERIC_V6.1
